#
# There is insufficient memory for the Java Runtime Environment to continue.
# Native memory allocation (mmap) failed to map 134217728 bytes. Error detail: G1 virtual space
# Possible reasons:
#   The system is out of physical RAM or swap space
#   This process is running with CompressedOops enabled, and the Java Heap may be blocking the growth of the native heap
# Possible solutions:
#   Reduce memory load on the system
#   Increase physical memory or swap space
#   Check if swap backing store is full
#   Decrease Java heap size (-Xmx/-Xms)
#   Decrease number of Java threads
#   Decrease Java thread stack sizes (-Xss)
#   Set larger code cache with -XX:ReservedCodeCacheSize=
#   JVM is running with Zero Based Compressed Oops mode in which the Java heap is
#     placed in the first 32GB address space. The Java Heap base address is the
#     maximum limit for the native heap growth. Please use -XX:HeapBaseMinAddress
#     to set the Java Heap base and to place the Java Heap above 32GB virtual address.
# This output file may be truncated or incomplete.
#
#  Out of Memory Error (os_windows.cpp:3710), pid=25936, tid=24392
#
# JRE version: OpenJDK Runtime Environment Microsoft-11369865 (17.0.15+6) (build 17.0.15+6-LTS)
# Java VM: OpenJDK 64-Bit Server VM Microsoft-11369865 (17.0.15+6-LTS, mixed mode, tiered, compressed oops, compressed class ptrs, g1 gc, windows-amd64)
# No core dump will be written. Minidumps are not enabled by default on client versions of Windows
#

---------------  S U M M A R Y ------------

Command Line: -XX:HeapDumpPath=MojangTricksIntelDriversForPerformance_javaw.exe_minecraft.exe.heapdump -Djava.library.path=C:\Users\Admin\Desktop\.minecraft\versions\1.20.1-Fabric 0.19.5-OptiFine_I6\1.20.1-Fabric 0.19.5-OptiFine_I6-natives -Djna.tmpdir=C:\Users\Admin\Desktop\.minecraft\versions\1.20.1-Fabric 0.19.5-OptiFine_I6\1.20.1-Fabric 0.19.5-OptiFine_I6-natives -Dorg.lwjgl.system.SharedLibraryExtractPath=C:\Users\Admin\Desktop\.minecraft\versions\1.20.1-Fabric 0.19.5-OptiFine_I6\1.20.1-Fabric 0.19.5-OptiFine_I6-natives -Dio.netty.native.workdir=C:\Users\Admin\Desktop\.minecraft\versions\1.20.1-Fabric 0.19.5-OptiFine_I6\1.20.1-Fabric 0.19.5-OptiFine_I6-natives -Dminecraft.launcher.brand=PCL -Dminecraft.launcher.version=408 -DFabricMcEmu=net.minecraft.client.main.Main -XX:-OmitStackTraceInFastThrow -Djdk.lang.Process.allowAmbiguousCommands=True -Dfml.ignoreInvalidMinecraftCertificates=True -Dfml.ignorePatchDiscrepancies=True -Xmx12288m -XX:+UnlockExperimentalVMOptions -XX:+UseG1GC -XX:G1NewSizePercent=20 -XX:G1ReservePercent=20 -XX:G1HeapRegionSize=32M -XX:MaxGCPauseMillis=50 -XX:+PerfDisableSharedMem -XX:MinHeapFreeRatio=25 -XX:MaxHeapFreeRatio=40 -Dlog4j2.formatMsgNoLookups=true -Dsun.stdout.encoding=GBK -Dsun.stderr.encoding=GBK net.fabricmc.loader.impl.launch.knot.KnotClient --username LazyIzumi --version 1.20.1-Fabric 0.19.5-OptiFine_I6 --gameDir C:\Users\Admin\Desktop\.minecraft\versions\1.20.1-Fabric 0.19.5-OptiFine_I6 --assetsDir C:\Users\Admin\Desktop\.minecraft\assets --assetIndex 5 --uuid a5574a6c41ce499095ef45db934a399a --accessToken eyJraWQiOiIwNDkxODEiLCJhbGciOiJSUzI1NiJ9.eyJ4dWlkIjoiMjUzNTQ3MzQzMTAxNDU5OSIsImFnZyI6IkFkdWx0Iiwic3ViIjoiNzYzMGQwZDEtMTBiNi00YzVmLWJmNDgtNzk4YzYxNGRhMjFjIiwiYXV0aCI6IlhCT1giLCJwZmlkIjoiMTdBNjZERjRBMjA5Nzc3NCIsIm5zIjoiZGVmYXVsdCIsInJvbGVzIjpbXSwiaXNzIjoiYXV0aGVudGljYXRpb24iLCJmbGFncyI6WyJtdWx0aXBsYXllciJdLCJwcm9maWxlcyI6eyJtYyI6ImE1NTc0YTZjLTQxY2UtNDk5MC05NWVmLTQ1ZGI5MzRhMzk5YSJ9LCJtaWQiOiIxN0E2NkRGNEEyMDk3Nzc0IiwicG1pZCI6Ijc3N2Y1MjYzLTNiMTQtNWE1Yi1iM2I1LWNiMjMyNzIwY2FhMiIsInBsYXRmb3JtIjoiUENfTEFVTkNIRVIiLCJ0aWQiOiJFOTlCMCIsInBmZCI6W3sidHlwZSI6Im1jIiwiaWQiOiJhNTU3NGE2Yy00MWNlLTQ5OTAtOTVlZi00NWRiOTM0YTM5OWEiLCJuYW1lIjoiTGF6eUl6dW1pIn1dLCJ4aWQiOiIyNTM1NDczNDMxMDE0NTk5IiwibmJmIjoxNzg5MDkzMDgzLCJleHAiOjE3ODkxNzk0ODMsImlhdCI6MTc4OTA5MzA4MywiYWlkIjoiZmU3MmVkYzItM2E2Zi00MjgwLTkwZTgtZTJiZWI2NGNlN2UxIn0.Q64ceygG6-71e5A6YBhb0lrYftloFfh-1B7MMnKm02Mmvy82E71fykxJEw1PHvgvb2XHZ6NFPCN2DZclKNn0R0jzzzleMwqx0c-C9KAfhFydSatQili_ZSR4tWCo53GSZfbXKyCPbzc_2hbayM_UQe3hV-W6VwPDffwppYfNavDTRSMXxABAypJ2Q8QTxu1S6Y220hpUDy7fojpenXCCaT08Of5L3-R89mGjLPfJdOQLgBZ4meVWWBo4lsCmnc0-2EhmyhZQ4kc1h8M-c0rQnhOQEaEGpwN-otqWUTTfxujX93P1k298dE16rr351jk2wTp3zuEHLoqLHSN64QesHA --clientId ${clientid} --xuid ${auth_xuid} --userType msa --versionType PCL --width 854 --height 480

Host: Intel(R) Core(TM) Ultra 9 275HX, 24 cores, 15G,  Windows 11 , 64 bit Build 26100 (10.0.26100.4484)
Time: Thu Sep 10 19:57:45 2026 Pacific Daylight Time elapsed time: 413.139409 seconds (0d 0h 6m 53s)

---------------  T H R E A D  ---------------

Current thread (0x000002b7292763c0):  VMThread "VM Thread" [stack: 0x000000f45ba00000,0x000000f45bb00000] [id=24392]

Stack: [0x000000f45ba00000,0x000000f45bb00000]
Native frames: (J=compiled Java code, j=interpreted, Vv=VM code, C=native code)
V  [jvm.dll+0x6887a9]
V  [jvm.dll+0x83f5a8]
V  [jvm.dll+0x841053]
V  [jvm.dll+0x8416c3]
V  [jvm.dll+0x2496ef]
V  [jvm.dll+0x6856e9]
V  [jvm.dll+0x679b7a]
V  [jvm.dll+0x30b0d7]
V  [jvm.dll+0x312646]
V  [jvm.dll+0x36300e]
V  [jvm.dll+0x36324d]
V  [jvm.dll+0x2e236c]
V  [jvm.dll+0x2e0719]
V  [jvm.dll+0x2dfe7c]
V  [jvm.dll+0x322a2b]
V  [jvm.dll+0x845efd]
V  [jvm.dll+0x846c33]
V  [jvm.dll+0x84715f]
V  [jvm.dll+0x847544]
V  [jvm.dll+0x84760e]
V  [jvm.dll+0x7ef2dc]
V  [jvm.dll+0x687687]
C  [ucrtbase.dll+0x37b0]
C  [KERNEL32.DLL+0x2e8d7]
C  [ntdll.dll+0x3c34c]

VM_Operation (0x000000f467bfe510): G1CollectForAllocation, mode: safepoint, requested by thread 0x000002b8d681ae20


---------------  P R O C E S S  ---------------

Threads class SMR info:
_java_thread_list=0x000002b96cef4310, length=334, elements={
0x000002b775e899e0, 0x000002b72927a3b0, 0x000002b72927ac80, 0x000002b7292d5430,
0x000002b7292d5e00, 0x000002b7292a7e20, 0x000002b7292a86f0, 0x000002b7292a92f0,
0x000002b7292f4d60, 0x000002b7292fd680, 0x000002b729487550, 0x000002b7294842b0,
0x000002b729485c00, 0x000002b731170200, 0x000002b731175300, 0x000002b729487040,
0x000002b729483da0, 0x000002b731da8070, 0x000002b731da4dd0, 0x000002b731da6c30,
0x000002b731da6210, 0x000002b731da7140, 0x000002b731da7650, 0x000002b731da48c0,
0x000002b731daa8f0, 0x000002b731da8fa0, 0x000002b731da8580, 0x000002b731da8a90,
0x000002b731daa3e0, 0x000002b731da94b0, 0x000002b731dab310, 0x000002b731daae00,
0x000002b731da99c0, 0x000002b731da9ed0, 0x000002b731da7b60, 0x000002b731dabd30,
0x000002b731dab820, 0x000002b731dac240, 0x000002b7360814e0, 0x000002b736082e30,
0x000002b736083340, 0x000002b736080fd0, 0x000002b736082410, 0x000002b736083850,
0x000002b736082920, 0x000002b7360819f0, 0x000002b736081f00, 0x000002b736083d60,
0x000002b736084270, 0x000002b7360860d0, 0x000002b736085bc0, 0x000002b736084780,
0x000002b7360865e0, 0x000002b736086af0, 0x000002b736087000, 0x000002b736088440,
0x000002b730708e30, 0x000002b730709340, 0x000002b730706fd0, 0x000002b7307074e0,
0x000002b7307079f0, 0x000002b730709850, 0x000002b730708920, 0x000002b730708410,
0x000002b730706ac0, 0x000002b730707f00, 0x000002b730709d60, 0x000002b7307065b0,
0x000002b73070d510, 0x000002b73070da20, 0x000002b73070caf0, 0x000002b73070a270,
0x000002b73070d000, 0x000002b73070b1a0, 0x000002b73070a780, 0x000002b73070ac90,
0x000002b73070b6b0, 0x000002b73070bbc0, 0x000002b73070c0d0, 0x000002b73c408b70,
0x000002b73c40cd40, 0x000002b73c40c830, 0x000002b73c40be10, 0x000002b73c409aa0,
0x000002b73c40d760, 0x000002b73c40dc70, 0x000002b73c40a4c0, 0x000002b73c40e180,
0x000002b73c40fad0, 0x000002b73c40e690, 0x000002b73c4104f0, 0x000002b73c40f5c0,
0x000002b73c40eba0, 0x000002b73c40f0b0, 0x000002b731173ec0, 0x000002b7311739b0,
0x000002b734974440, 0x000002b7349767b0, 0x000002b734974950, 0x000002b734978610,
0x000002b734977bf0, 0x000002b734974e60, 0x000002b734978b20, 0x000002b734975370,
0x000002b734975d90, 0x000002b734979540, 0x000002b7349762a0, 0x000002b734979a50,
0x000002b73497bdc0, 0x000002b73497a470, 0x000002b73497a980, 0x000002b73497b8b0,
0x000002b72eebd870, 0x000002b72eebecb0, 0x000002b72eebc940, 0x000002b72eebce50,
0x000002b72eebbf20, 0x000002b72eebd360, 0x000002b72eebe7a0, 0x000002b72eebba10,
0x000002b72eebfbe0, 0x000002b72eebe290, 0x000002b72eec00f0, 0x000002b72eec0b10,
0x000002b72eec1020, 0x000002b72eec1a40, 0x000002b72eec2460, 0x000002b72eec2970,
0x000002b73c409fb0, 0x000002b73c40a9d0, 0x000002b731172f90, 0x000002b73cdb4c60,
0x000002b73cdb5170, 0x000002b73cdb4750, 0x000002b73cdb5680, 0x000002b73cdb5b90,
0x000002b73cdb3820, 0x000002b73cdb6ac0, 0x000002b73cdb3d30, 0x000002b73cdb60a0,
0x000002b73cdb65b0, 0x000002b73cdb6fd0, 0x000002b73cdb8410, 0x000002b73cdb8920,
0x000002b73070c5e0, 0x000002b822b18910, 0x000002b822b18e20, 0x000002b822b1a260,
0x000002b822b1e430, 0x000002b822b1cff0, 0x000002b822b1d500, 0x000002b822b1da10,
0x000002b73c40b900, 0x000002b734975880, 0x000002b734976cc0, 0x000002b734978100,
0x000002b736080ac0, 0x000002b72eebdd80, 0x000002b72eec0600, 0x000002b7311734a0,
0x000002b73e61a610, 0x000002b73e61ab20, 0x000002b73e619bf0, 0x000002b73e61b030,
0x000002b73e61b540, 0x000002b73e61c980, 0x000002b73e6191d0, 0x000002b73e61ddc0,
0x000002b73e61e2d0, 0x000002b73e61f710, 0x000002b72eebf1c0, 0x000002b8b8cddb60,
0x000002b8b8cdbd00, 0x000002b8b8cda3b0, 0x000002b8b8cde580, 0x000002b8b8cdefa0,
0x000002b8b8cdfed0, 0x000002b8b8ce03e0, 0x000002b8b8ce08f0, 0x000002b8b8cdf4b0,
0x000002b8b8cdea90, 0x000002b8b8cdf9c0, 0x000002b8b8cdd650, 0x000002b8b8cdd140,
0x000002b8d4075000, 0x000002b8d407ce90, 0x000002b73e6131a0, 0x000002b8d407a100,
0x000002b8d680e3a0, 0x000002b8d6811130, 0x000002b8d680d980, 0x000002b8d68143d0,
0x000002b8d6814df0, 0x000002b8d68148e0, 0x000002b8d6813ec0, 0x000002b8d6812060,
0x000002b8d68134a0, 0x000002b8d6811640, 0x000002b8d6811b50, 0x000002b8d6815300,
0x000002b8d6815810, 0x000002b8d6812f90, 0x000002b8d6812570, 0x000002b8d6815d20,
0x000002b8d68139b0, 0x000002b8d68194d0, 0x000002b8d6817670, 0x000002b8d6816740,
0x000002b8d6818fc0, 0x000002b8d6816c50, 0x000002b8d6818ab0, 0x000002b8d6818090,
0x000002b8d6817b80, 0x000002b8d680c030, 0x000002b8d6810710, 0x000002b8d681ae20,
0x000002b8d681b330, 0x000002b73e611850, 0x000002b73e612270, 0x000002b73e612780,
0x000002b73e6136b0, 0x000002b73e612c90, 0x000002b73e610e30, 0x000002b73e60ff00,
0x000002b73e613bc0, 0x000002b73e611340, 0x000002b73e610410, 0x000002b73e6140d0,
0x000002b73e610920, 0x000002b73e616950, 0x000002b73e617d90, 0x000002b73e615f30,
0x000002b73e615510, 0x000002b73e6145e0, 0x000002b73e616e60, 0x000002b73e615a20,
0x000002b73e617370, 0x000002b73e615000, 0x000002b73e616440, 0x000002b73e614af0,
0x000002b73e61ba50, 0x000002b73e61bf60, 0x000002b73e61c470, 0x000002b73e618cc0,
0x000002b73e61ce90, 0x000002b73e6196e0, 0x000002b73e61d8b0, 0x000002b73e61a100,
0x000002b73e61f200, 0x000002b8b8cd9ea0, 0x000002b8b8cdadd0, 0x000002b8b8cd9990,
0x000002b8b8cdb2e0, 0x000002b8b8cdc720, 0x000002b8b8cdcc30, 0x000002b8b8ce1820,
0x000002b8b8ce40a0, 0x000002b8b8ce0e00, 0x000002b8b8ce1d30, 0x000002b8b8ce59f0,
0x000002b8b8ce4fd0, 0x000002b8b8ce2240, 0x000002b8b8ce5f00, 0x000002b8b8ce6410,
0x000002b8b8ce2c60, 0x000002b8b8ce7340, 0x000002b8b8ce7850, 0x000002b8ad6eb7b0,
0x000002b8ad6e9d20, 0x000002b8ad6e7d40, 0x000002b8ad6ebd00, 0x000002b8ad5e2ad0,
0x000002b8ad5e7a80, 0x000002b8ad5e4560, 0x000002b8b8ce91a0, 0x000002b8ad5e8520,
0x000002b8b8ce8270, 0x000002b8b8ce7d60, 0x000002b8d4074af0, 0x000002b8ad5e4ab0,
0x000002b8d4f13de0, 0x000002b8d4076440, 0x000002b8d4080640, 0x000002b8d40787b0,
0x000002b8d407e2d0, 0x000002b8d407f200, 0x000002b8d4081f90, 0x000002b8d4082ec0,
0x000002b8d40824a0, 0x000002b822b1a770, 0x000002b822b1ac80, 0x000002b822b1b190,
0x000002b822b1bbb0, 0x000002b822b18400, 0x000002b822b1df20, 0x000002b822b1c0c0,
0x000002b822b1c5d0, 0x000002b8d4079bf0, 0x000002b8d4076e60, 0x000002b8d4077880,
0x000002b8d4076950, 0x000002b8d407ab20, 0x000002b8d4077d90, 0x000002b8d407ecf0,
0x000002b8d407d8b0, 0x000002b8d4080130, 0x000002b8d407e7e0, 0x000002b73cdb79f0,
0x000002b73cdbac90, 0x000002b73cdba780, 0x000002b73cdb74e0, 0x000002b73cdb8e30,
0x000002b73cdb9850, 0x000002b73cdbb1a0, 0x000002b734979f60, 0x000002b7349771d0,
0x000002b73497ae90, 0x000002b734979030, 0x000002b7349776e0, 0x000002b73497b3a0,
0x000002b736087f30, 0x000002b8d680ca50, 0x000002b8d681a910, 0x000002b7294847c0,
0x000002b729486110, 0x000002b729486620, 0x000002b8d407d3a0, 0x000002b8d4081060,
0x000002b731da5d00, 0x000002b731da6720, 0x000002b73c409080, 0x000002b73c40d250,
0x000002b7360851a0, 0x000002b7311748e0
}

Java Threads: ( => current thread )
  0x000002b775e899e0 JavaThread "Render thread" [_thread_blocked, id=25764, stack(0x000000f45b400000,0x000000f45b500000)]
  0x000002b72927a3b0 JavaThread "Reference Handler" daemon [_thread_blocked, id=25968, stack(0x000000f45bb00000,0x000000f45bc00000)]
  0x000002b72927ac80 JavaThread "Finalizer" daemon [_thread_blocked, id=27364, stack(0x000000f45bc00000,0x000000f45bd00000)]
  0x000002b7292d5430 JavaThread "Signal Dispatcher" daemon [_thread_blocked, id=24640, stack(0x000000f45bd00000,0x000000f45be00000)]
  0x000002b7292d5e00 JavaThread "Attach Listener" daemon [_thread_blocked, id=24364, stack(0x000000f45be00000,0x000000f45bf00000)]
  0x000002b7292a7e20 JavaThread "Service Thread" daemon [_thread_blocked, id=23728, stack(0x000000f45bf00000,0x000000f45c000000)]
  0x000002b7292a86f0 JavaThread "Monitor Deflation Thread" daemon [_thread_blocked, id=25916, stack(0x000000f45c000000,0x000000f45c100000)]
  0x000002b7292a92f0 JavaThread "C2 CompilerThread0" daemon [_thread_blocked, id=25928, stack(0x000000f45c100000,0x000000f45c200000)]
  0x000002b7292f4d60 JavaThread "C1 CompilerThread0" daemon [_thread_blocked, id=25992, stack(0x000000f45c200000,0x000000f45c300000)]
  0x000002b7292fd680 JavaThread "Sweeper thread" daemon [_thread_blocked, id=25972, stack(0x000000f45c300000,0x000000f45c400000)]
  0x000002b729487550 JavaThread "Notification Thread" daemon [_thread_blocked, id=26172, stack(0x000000f45c700000,0x000000f45c800000)]
  0x000002b7294842b0 JavaThread "Common-Cleaner" daemon [_thread_blocked, id=26252, stack(0x000000f45c900000,0x000000f45ca00000)]
  0x000002b729485c00 JavaThread "DH-Log Ticker Thread[0]" daemon [_thread_blocked, id=24820, stack(0x000000f45e100000,0x000000f45e200000)]
  0x000002b731170200 JavaThread "JNA Cleaner" daemon [_thread_blocked, id=22072, stack(0x000000f45eb00000,0x000000f45ec00000)]
  0x000002b731175300 JavaThread "Timer hack thread" daemon [_thread_blocked, id=25352, stack(0x000000f45ea00000,0x000000f45eb00000)]
  0x000002b729487040 JavaThread "Yggdrasil Key Fetcher" daemon [_thread_blocked, id=25472, stack(0x000000f45f200000,0x000000f45f300000)]
  0x000002b729483da0 JavaThread "Essential Thread 1" daemon [_thread_blocked, id=25260, stack(0x000000f45cc00000,0x000000f45cd00000)]
  0x000002b731da8070 JavaThread "DefaultDispatcher-worker-1" daemon [_thread_blocked, id=24380, stack(0x000000f45d400000,0x000000f45d500000)]
  0x000002b731da4dd0 JavaThread "Essential Thread 2" daemon [_thread_blocked, id=24456, stack(0x000000f45f100000,0x000000f45f200000)]
  0x000002b731da6c30 JavaThread "FileSystemWatchService" daemon [_thread_in_native, id=23784, stack(0x000000f45f300000,0x000000f45f400000)]
  0x000002b731da6210 JavaThread "Timer-1" daemon [_thread_blocked, id=25660, stack(0x000000f45f400000,0x000000f45f500000)]
  0x000002b731da7140 JavaThread "Essential Thread 3" daemon [_thread_blocked, id=25656, stack(0x000000f45f500000,0x000000f45f600000)]
  0x000002b731da7650 JavaThread "Thread-8" daemon [_thread_in_native, id=25664, stack(0x000000f45f600000,0x000000f45f700000)]
  0x000002b731da48c0 JavaThread "Thread-9" daemon [_thread_in_native, id=23864, stack(0x000000f45f700000,0x000000f45f800000)]
  0x000002b731daa8f0 JavaThread "Thread-10" daemon [_thread_in_native, id=25680, stack(0x000000f45f800000,0x000000f45f900000)]
  0x000002b731da8fa0 JavaThread "Thread-11" daemon [_thread_in_native, id=21516, stack(0x000000f45f900000,0x000000f45fa00000)]
  0x000002b731da8580 JavaThread "Thread-12" daemon [_thread_in_native, id=21520, stack(0x000000f45fa00000,0x000000f45fb00000)]
  0x000002b731da8a90 JavaThread "Thread-13" daemon [_thread_in_native, id=21736, stack(0x000000f45fb00000,0x000000f45fc00000)]
  0x000002b731daa3e0 JavaThread "Thread-14" daemon [_thread_in_native, id=21768, stack(0x000000f45fc00000,0x000000f45fd00000)]
  0x000002b731da94b0 JavaThread "Thread-15" daemon [_thread_in_native, id=21572, stack(0x000000f45fd00000,0x000000f45fe00000)]
  0x000002b731dab310 JavaThread "Thread-16" daemon [_thread_in_native, id=26388, stack(0x000000f45fe00000,0x000000f45ff00000)]
  0x000002b731daae00 JavaThread "Thread-17" daemon [_thread_in_native, id=5364, stack(0x000000f45ff00000,0x000000f460000000)]
  0x000002b731da99c0 JavaThread "Thread-18" daemon [_thread_in_native, id=26024, stack(0x000000f460000000,0x000000f460100000)]
  0x000002b731da9ed0 JavaThread "Thread-19" daemon [_thread_in_native, id=26464, stack(0x000000f460100000,0x000000f460200000)]
  0x000002b731da7b60 JavaThread "Thread-20" daemon [_thread_in_native, id=26472, stack(0x000000f460200000,0x000000f460300000)]
  0x000002b731dabd30 JavaThread "Thread-21" daemon [_thread_in_native, id=26448, stack(0x000000f460300000,0x000000f460400000)]
  0x000002b731dab820 JavaThread "Thread-22" daemon [_thread_in_native, id=26476, stack(0x000000f460400000,0x000000f460500000)]
  0x000002b731dac240 JavaThread "Thread-23" daemon [_thread_in_native, id=26480, stack(0x000000f460500000,0x000000f460600000)]
  0x000002b7360814e0 JavaThread "Thread-24" daemon [_thread_in_native, id=26488, stack(0x000000f460600000,0x000000f460700000)]
  0x000002b736082e30 JavaThread "Thread-25" daemon [_thread_in_native, id=26500, stack(0x000000f460700000,0x000000f460800000)]
  0x000002b736083340 JavaThread "Thread-26" daemon [_thread_in_native, id=26492, stack(0x000000f460800000,0x000000f460900000)]
  0x000002b736080fd0 JavaThread "Thread-27" daemon [_thread_in_native, id=26496, stack(0x000000f460900000,0x000000f460a00000)]
  0x000002b736082410 JavaThread "Thread-28" daemon [_thread_in_native, id=26504, stack(0x000000f460a00000,0x000000f460b00000)]
  0x000002b736083850 JavaThread "Thread-29" daemon [_thread_in_native, id=26656, stack(0x000000f460b00000,0x000000f460c00000)]
  0x000002b736082920 JavaThread "Thread-30" daemon [_thread_in_native, id=26044, stack(0x000000f460c00000,0x000000f460d00000)]
  0x000002b7360819f0 JavaThread "Thread-31" daemon [_thread_in_native, id=26676, stack(0x000000f460d00000,0x000000f460e00000)]
  0x000002b736081f00 JavaThread "Thread-32" daemon [_thread_in_native, id=26628, stack(0x000000f460e00000,0x000000f460f00000)]
  0x000002b736083d60 JavaThread "ForkJoinPool.commonPool-worker-1" daemon [_thread_blocked, id=26644, stack(0x000000f460f00000,0x000000f461000000)]
  0x000002b736084270 JavaThread "DefaultDispatcher-worker-4" daemon [_thread_blocked, id=26660, stack(0x000000f461000000,0x000000f461100000)]
  0x000002b7360860d0 JavaThread "Essential Thread 4" daemon [_thread_blocked, id=26680, stack(0x000000f45ca00000,0x000000f45cb00000)]
  0x000002b736085bc0 JavaThread "Essential Thread 5" daemon [_thread_blocked, id=26456, stack(0x000000f45cb00000,0x000000f45cc00000)]
  0x000002b736084780 JavaThread "Essential Thread 6" daemon [_thread_blocked, id=25192, stack(0x000000f461700000,0x000000f461800000)]
  0x000002b7360865e0 JavaThread "Essential Thread 7" daemon [_thread_blocked, id=27160, stack(0x000000f461800000,0x000000f461900000)]
  0x000002b736086af0 JavaThread "Essential Thread 8" daemon [_thread_blocked, id=26552, stack(0x000000f461900000,0x000000f461a00000)]
  0x000002b736087000 JavaThread "WebSocketConnectReadThread-112" daemon [_thread_in_native, id=25180, stack(0x000000f462100000,0x000000f462200000)]
  0x000002b736088440 JavaThread "WebSocketWriteThread-113" daemon [_thread_blocked, id=26468, stack(0x000000f462200000,0x000000f462300000)]
  0x000002b730708e30 JavaThread "ForkJoinPool.commonPool-worker-2" daemon [_thread_blocked, id=26452, stack(0x000000f462300000,0x000000f462400000)]
  0x000002b730709340 JavaThread "ForkJoinPool.commonPool-worker-3" daemon [_thread_blocked, id=12484, stack(0x000000f462400000,0x000000f462500000)]
  0x000002b730706fd0 JavaThread "ForkJoinPool.commonPool-worker-4" daemon [_thread_blocked, id=18192, stack(0x000000f462500000,0x000000f462600000)]
  0x000002b7307074e0 JavaThread "ForkJoinPool.commonPool-worker-5" daemon [_thread_blocked, id=8964, stack(0x000000f462600000,0x000000f462700000)]
  0x000002b7307079f0 JavaThread "ForkJoinPool.commonPool-worker-6" daemon [_thread_blocked, id=16420, stack(0x000000f462700000,0x000000f462800000)]
  0x000002b730709850 JavaThread "ForkJoinPool.commonPool-worker-8" daemon [_thread_blocked, id=18028, stack(0x000000f462900000,0x000000f462a00000)]
  0x000002b730708920 JavaThread "ForkJoinPool.commonPool-worker-12" daemon [_thread_blocked, id=20320, stack(0x000000f462a00000,0x000000f462b00000)]
  0x000002b730708410 JavaThread "ForkJoinPool.commonPool-worker-11" daemon [_thread_blocked, id=17356, stack(0x000000f462b00000,0x000000f462c00000)]
  0x000002b730706ac0 JavaThread "ForkJoinPool.commonPool-worker-13" daemon [_thread_blocked, id=15068, stack(0x000000f462c00000,0x000000f462d00000)]
  0x000002b730707f00 JavaThread "ForkJoinPool.commonPool-worker-9" daemon [_thread_blocked, id=21372, stack(0x000000f462d00000,0x000000f462e00000)]
  0x000002b730709d60 JavaThread "ForkJoinPool.commonPool-worker-10" daemon [_thread_blocked, id=20676, stack(0x000000f462e00000,0x000000f462f00000)]
  0x000002b7307065b0 JavaThread "ForkJoinPool.commonPool-worker-14" daemon [_thread_blocked, id=5760, stack(0x000000f462f00000,0x000000f463000000)]
  0x000002b73070d510 JavaThread "ForkJoinPool.commonPool-worker-15" daemon [_thread_blocked, id=21328, stack(0x000000f463000000,0x000000f463100000)]
  0x000002b73070da20 JavaThread "ForkJoinPool.commonPool-worker-16" daemon [_thread_blocked, id=20112, stack(0x000000f463100000,0x000000f463200000)]
  0x000002b73070caf0 JavaThread "ForkJoinPool.commonPool-worker-17" daemon [_thread_blocked, id=20212, stack(0x000000f463200000,0x000000f463300000)]
  0x000002b73070a270 JavaThread "ForkJoinPool.commonPool-worker-18" daemon [_thread_blocked, id=3360, stack(0x000000f463300000,0x000000f463400000)]
  0x000002b73070d000 JavaThread "ForkJoinPool.commonPool-worker-19" daemon [_thread_blocked, id=2972, stack(0x000000f463400000,0x000000f463500000)]
  0x000002b73070b1a0 JavaThread "ForkJoinPool.commonPool-worker-20" daemon [_thread_blocked, id=9572, stack(0x000000f463500000,0x000000f463600000)]
  0x000002b73070a780 JavaThread "ForkJoinPool.commonPool-worker-21" daemon [_thread_blocked, id=14280, stack(0x000000f463600000,0x000000f463700000)]
  0x000002b73070ac90 JavaThread "ForkJoinPool.commonPool-worker-23" daemon [_thread_blocked, id=17164, stack(0x000000f463700000,0x000000f463800000)]
  0x000002b73070b6b0 JavaThread "ForkJoinPool.commonPool-worker-22" daemon [_thread_blocked, id=8688, stack(0x000000f463800000,0x000000f463900000)]
  0x000002b73070bbc0 JavaThread "Essential Thread 9" daemon [_thread_blocked, id=26248, stack(0x000000f463900000,0x000000f463a00000)]
  0x000002b73070c0d0 JavaThread "Essential Thread 10" daemon [_thread_blocked, id=23780, stack(0x000000f463a00000,0x000000f463b00000)]
  0x000002b73c408b70 JavaThread "HttpClient-1-SelectorManager" daemon [_thread_in_native, id=23396, stack(0x000000f463b00000,0x000000f463c00000)]
  0x000002b73c40cd40 JavaThread "Thread-38" daemon [_thread_blocked, id=23296, stack(0x000000f461e00000,0x000000f461f00000)]
  0x000002b73c40c830 JavaThread "FileSystemWatchService" daemon [_thread_in_native, id=16652, stack(0x000000f461f00000,0x000000f462000000)]
  0x000002b73c40be10 JavaThread "ConfigSaver" daemon [_thread_blocked, id=7844, stack(0x000000f462000000,0x000000f462100000)]
  0x000002b73c409aa0 JavaThread "DH-ApplyConfigPresetTimer" daemon [_thread_blocked, id=21160, stack(0x000000f461c00000,0x000000f461d00000)]
  0x000002b73c40d760 JavaThread "DH-ApplyConfigPresetTimer" daemon [_thread_blocked, id=12512, stack(0x000000f463f00000,0x000000f464000000)]
  0x000002b73c40dc70 JavaThread "FileSystemWatchService" daemon [_thread_in_native, id=9664, stack(0x000000f464100000,0x000000f464200000)]
  0x000002b73c40a4c0 JavaThread "JEI Config File Watcher" daemon [_thread_blocked, id=18784, stack(0x000000f464200000,0x000000f464300000)]
  0x000002b73c40e180 JavaThread "HttpClient-2-SelectorManager" daemon [_thread_blocked, id=23456, stack(0x000000f464300000,0x000000f464400000)]
  0x000002b73c40fad0 JavaThread "Worker-Main-1" daemon [_thread_blocked, id=20368, stack(0x000000f464400000,0x000000f464500000)]
  0x000002b73c40e690 JavaThread "Cleaner-0" daemon [_thread_blocked, id=23452, stack(0x000000f464600000,0x000000f464700000)]
  0x000002b73c4104f0 JavaThread "Cleaner-1" daemon [_thread_blocked, id=7396, stack(0x000000f464700000,0x000000f464800000)]
  0x000002b73c40f5c0 JavaThread "Cleaner-2" daemon [_thread_blocked, id=23448, stack(0x000000f464800000,0x000000f464900000)]
  0x000002b73c40eba0 JavaThread "Cleaner-3" daemon [_thread_blocked, id=19828, stack(0x000000f464900000,0x000000f464a00000)]
  0x000002b73c40f0b0 JavaThread "Worker-Main-2" daemon [_thread_blocked, id=17856, stack(0x000000f461a00000,0x000000f461b00000)]
  0x000002b731173ec0 JavaThread "Thread-45" [_thread_blocked, id=25224, stack(0x000000f464a00000,0x000000f464b00000)]
  0x000002b7311739b0 JavaThread "Cleaner-4" daemon [_thread_blocked, id=25248, stack(0x000000f465000000,0x000000f465100000)]
  0x000002b734974440 JavaThread "Essential Thread 11" daemon [_thread_blocked, id=10052, stack(0x000000f464e00000,0x000000f464f00000)]
  0x000002b7349767b0 JavaThread "Essential Thread 12" daemon [_thread_blocked, id=18744, stack(0x000000f465500000,0x000000f465600000)]
  0x000002b734974950 JavaThread "DefaultDispatcher-worker-7" daemon [_thread_blocked, id=14320, stack(0x000000f465900000,0x000000f465a00000)]
  0x000002b734978610 JavaThread "DefaultDispatcher-worker-8" daemon [_thread_blocked, id=7984, stack(0x000000f465a00000,0x000000f465b00000)]
  0x000002b734977bf0 JavaThread "DefaultDispatcher-worker-9" daemon [_thread_blocked, id=10128, stack(0x000000f465b00000,0x000000f465c00000)]
  0x000002b734974e60 JavaThread "DefaultDispatcher-worker-10" daemon [_thread_blocked, id=17212, stack(0x000000f465c00000,0x000000f465d00000)]
  0x000002b734978b20 JavaThread "DefaultDispatcher-worker-11" daemon [_thread_blocked, id=27156, stack(0x000000f465d00000,0x000000f465e00000)]
  0x000002b734975370 JavaThread "DefaultDispatcher-worker-12" daemon [_thread_blocked, id=18112, stack(0x000000f465e00000,0x000000f465f00000)]
  0x000002b734975d90 JavaThread "DefaultDispatcher-worker-15" daemon [_thread_blocked, id=19900, stack(0x000000f466100000,0x000000f466200000)]
  0x000002b734979540 JavaThread "DefaultDispatcher-worker-17" daemon [_thread_blocked, id=27592, stack(0x000000f466300000,0x000000f466400000)]
  0x000002b7349762a0 JavaThread "DefaultDispatcher-worker-18" daemon [_thread_blocked, id=27436, stack(0x000000f466400000,0x000000f466500000)]
  0x000002b734979a50 JavaThread "DefaultDispatcher-worker-19" daemon [_thread_blocked, id=27580, stack(0x000000f466500000,0x000000f466600000)]
  0x000002b73497bdc0 JavaThread "DefaultDispatcher-worker-23" daemon [_thread_blocked, id=9064, stack(0x000000f466900000,0x000000f466a00000)]
  0x000002b73497a470 JavaThread "DefaultDispatcher-worker-24" daemon [_thread_blocked, id=12916, stack(0x000000f466a00000,0x000000f466b00000)]
  0x000002b73497a980 JavaThread "DefaultDispatcher-worker-20" daemon [_thread_blocked, id=17536, stack(0x000000f466b00000,0x000000f466c00000)]
  0x000002b73497b8b0 JavaThread "DefaultDispatcher-worker-21" daemon [_thread_blocked, id=15292, stack(0x000000f466d00000,0x000000f466e00000)]
  0x000002b72eebd870 JavaThread "DefaultDispatcher-worker-16" daemon [_thread_blocked, id=7776, stack(0x000000f466e00000,0x000000f466f00000)]
  0x000002b72eebecb0 JavaThread "DefaultDispatcher-worker-6" daemon [_thread_blocked, id=20896, stack(0x000000f466f00000,0x000000f467000000)]
  0x000002b72eebc940 JavaThread "DefaultDispatcher-worker-5" daemon [_thread_blocked, id=20560, stack(0x000000f467100000,0x000000f467200000)]
  0x000002b72eebce50 JavaThread "DefaultDispatcher-worker-13" daemon [_thread_blocked, id=4680, stack(0x000000f467200000,0x000000f467300000)]
  0x000002b72eebbf20 JavaThread "DefaultDispatcher-worker-2" daemon [_thread_blocked, id=7144, stack(0x000000f467300000,0x000000f467400000)]
  0x000002b72eebd360 JavaThread "DefaultDispatcher-worker-3" daemon [_thread_blocked, id=20788, stack(0x000000f467400000,0x000000f467500000)]
  0x000002b72eebe7a0 JavaThread "DefaultDispatcher-worker-14" daemon [_thread_blocked, id=17716, stack(0x000000f467500000,0x000000f467600000)]
  0x000002b72eebba10 JavaThread "DefaultDispatcher-worker-22" daemon [_thread_blocked, id=20288, stack(0x000000f467600000,0x000000f467700000)]
  0x000002b72eebfbe0 JavaThread "Java2D Disposer" daemon [_thread_blocked, id=9992, stack(0x000000f467e00000,0x000000f467f00000)]
  0x000002b72eebe290 JavaThread "Essential Thread 13" daemon [_thread_blocked, id=19860, stack(0x000000f467f00000,0x000000f468000000)]
  0x000002b72eec00f0 JavaThread "DH-AbstractDelayedConfigTimer" daemon [_thread_blocked, id=20520, stack(0x000000f468200000,0x000000f468300000)]
  0x000002b72eec0b10 JavaThread "Worker-Main-3" daemon [_thread_blocked, id=22560, stack(0x000000f468000000,0x000000f468100000)]
  0x000002b72eec1020 JavaThread "Worker-Main-4" daemon [_thread_blocked, id=22592, stack(0x000000f468300000,0x000000f468400000)]
  0x000002b72eec1a40 JavaThread "Worker-Main-5" daemon [_thread_blocked, id=4772, stack(0x000000f468400000,0x000000f468500000)]
  0x000002b72eec2460 JavaThread "Worker-Main-6" daemon [_thread_blocked, id=3688, stack(0x000000f468500000,0x000000f468600000)]
  0x000002b72eec2970 JavaThread "Worker-Main-7" daemon [_thread_blocked, id=11408, stack(0x000000f468600000,0x000000f468700000)]
  0x000002b73c409fb0 JavaThread "Worker-Main-8" daemon [_thread_blocked, id=2716, stack(0x000000f468700000,0x000000f468800000)]
  0x000002b73c40a9d0 JavaThread "Worker-Main-9" daemon [_thread_blocked, id=8728, stack(0x000000f468800000,0x000000f468900000)]
  0x000002b731172f90 JavaThread "Worker-Main-10" daemon [_thread_blocked, id=20384, stack(0x000000f468900000,0x000000f468a00000)]
  0x000002b73cdb4c60 JavaThread "Worker-Main-12" daemon [_thread_blocked, id=5132, stack(0x000000f468b00000,0x000000f468c00000)]
  0x000002b73cdb5170 JavaThread "Worker-Main-13" daemon [_thread_blocked, id=6232, stack(0x000000f468c00000,0x000000f468d00000)]
  0x000002b73cdb4750 JavaThread "Worker-Main-14" daemon [_thread_blocked, id=21068, stack(0x000000f468d00000,0x000000f468e00000)]
  0x000002b73cdb5680 JavaThread "Worker-Main-15" daemon [_thread_blocked, id=17292, stack(0x000000f468e00000,0x000000f468f00000)]
  0x000002b73cdb5b90 JavaThread "Worker-Main-16" daemon [_thread_blocked, id=21212, stack(0x000000f468f00000,0x000000f469000000)]
  0x000002b73cdb3820 JavaThread "Worker-Main-18" daemon [_thread_blocked, id=7460, stack(0x000000f469000000,0x000000f469100000)]
  0x000002b73cdb6ac0 JavaThread "Worker-Main-17" daemon [_thread_blocked, id=7044, stack(0x000000f469100000,0x000000f469200000)]
  0x000002b73cdb3d30 JavaThread "Worker-Main-19" daemon [_thread_blocked, id=20952, stack(0x000000f469200000,0x000000f469300000)]
  0x000002b73cdb60a0 JavaThread "Worker-Main-21" daemon [_thread_blocked, id=8364, stack(0x000000f469400000,0x000000f469500000)]
  0x000002b73cdb65b0 JavaThread "Worker-Main-22" daemon [_thread_blocked, id=20664, stack(0x000000f469500000,0x000000f469600000)]
  0x000002b73cdb6fd0 JavaThread "Worker-Main-23" daemon [_thread_blocked, id=20704, stack(0x000000f469600000,0x000000f469700000)]
  0x000002b73cdb8410 JavaThread "Essential Discord IPC Polling" daemon [_thread_blocked, id=21408, stack(0x000000f469d00000,0x000000f469e00000)]
  0x000002b73cdb8920 JavaThread "CullThread" [_thread_blocked, id=24344, stack(0x000000f467900000,0x000000f467a00000)]
  0x000002b73070c5e0 JavaThread "Essential Thread 14" daemon [_thread_blocked, id=25484, stack(0x000000f46a500000,0x000000f46a600000)]
  0x000002b822b18910 JavaThread "HttpClient-3-SelectorManager" daemon [_thread_in_native, id=25684, stack(0x000000f464d00000,0x000000f464e00000)]
  0x000002b822b18e20 JavaThread "Essential Thread 15" daemon [_thread_blocked, id=22764, stack(0x000000f46a900000,0x000000f46aa00000)]
  0x000002b822b1a260 JavaThread "Cleaner-5" daemon [_thread_blocked, id=18868, stack(0x000000f45c600000,0x000000f45c700000)]
  0x000002b822b1e430 JavaThread "Essential Thread 16" daemon [_thread_blocked, id=17236, stack(0x000000f46a600000,0x000000f46a700000)]
  0x000002b822b1cff0 JavaThread "Essential Thread 17" daemon [_thread_blocked, id=22912, stack(0x000000f467d00000,0x000000f467e00000)]
  0x000002b822b1d500 JavaThread "Essential Thread 18" daemon [_thread_blocked, id=27280, stack(0x000000f45e800000,0x000000f45e900000)]
  0x000002b822b1da10 JavaThread "Essential Thread 19" daemon [_thread_blocked, id=26012, stack(0x000000f45b100000,0x000000f45b200000)]
  0x000002b73c40b900 JavaThread "Essential Thread 20" daemon [_thread_blocked, id=20916, stack(0x000000f45c500000,0x000000f45c600000)]
  0x000002b734975880 JavaThread "HttpClient-4-SelectorManager" daemon [_thread_in_native, id=17296, stack(0x000000f463c00000,0x000000f463d00000)]
  0x000002b734976cc0 JavaThread "DH-delayed save cache cleaner Thread[0]" daemon [_thread_blocked, id=27576, stack(0x000000f464500000,0x000000f464600000)]
  0x000002b734978100 JavaThread "DH-Phantom Array Recycler Thread[0]" daemon [_thread_blocked, id=27628, stack(0x000000f465200000,0x000000f465300000)]
  0x000002b736080ac0 JavaThread "IO-Worker-25" [_thread_blocked, id=22780, stack(0x000000f45e900000,0x000000f45ea00000)]
  0x000002b72eebdd80 JavaThread "DH-ChunkSaveIgnoreTimer" daemon [_thread_blocked, id=27200, stack(0x000000f466600000,0x000000f466700000)]
  0x000002b72eec0600 JavaThread "DH-ChunkSaveIgnoreTimer" daemon [_thread_blocked, id=27236, stack(0x000000f466700000,0x000000f466800000)]
  0x000002b7311734a0 JavaThread "DH-World Gen Progress Updater Thread[0]" daemon [_thread_blocked, id=27064, stack(0x000000f466c00000,0x000000f466d00000)]
  0x000002b73e61a610 JavaThread "DH-ChunkSaveIgnoreTimer" daemon [_thread_blocked, id=2228, stack(0x000000f46c300000,0x000000f46c400000)]
  0x000002b73e61ab20 JavaThread "DH-ChunkSaveIgnoreTimer" daemon [_thread_blocked, id=2192, stack(0x000000f46c400000,0x000000f46c500000)]
  0x000002b73e619bf0 JavaThread "DH-World Gen Progress Updater Thread[0]" daemon [_thread_blocked, id=18960, stack(0x000000f46c600000,0x000000f46c700000)]
  0x000002b73e61b030 JavaThread "DH-ChunkSaveIgnoreTimer" daemon [_thread_blocked, id=14244, stack(0x000000f46c700000,0x000000f46c800000)]
  0x000002b73e61b540 JavaThread "DH-ChunkSaveIgnoreTimer" daemon [_thread_blocked, id=21308, stack(0x000000f46c800000,0x000000f46c900000)]
  0x000002b73e61c980 JavaThread "DH-World Gen Progress Updater Thread[0]" daemon [_thread_blocked, id=18948, stack(0x000000f46ca00000,0x000000f46cb00000)]
  0x000002b73e6191d0 JavaThread "Netty Server IO #0" daemon [_thread_in_native, id=22596, stack(0x000000f46c200000,0x000000f46c300000)]
  0x000002b73e61ddc0 JavaThread "Netty Local Client IO #0" daemon [_thread_blocked, id=21896, stack(0x000000f46cb00000,0x000000f46cc00000)]
  0x000002b73e61e2d0 JavaThread "Netty Server IO #1" daemon [_thread_in_native, id=22900, stack(0x000000f46cc00000,0x000000f46cd00000)]
  0x000002b73e61f710 JavaThread "DH-FullDataPayloadSender" daemon [_thread_blocked, id=22604, stack(0x000000f46d000000,0x000000f46d100000)]
  0x000002b72eebf1c0 JavaThread "DH-ClientLevelTickCleanup" daemon [_thread_blocked, id=9048, stack(0x000000f45c400000,0x000000f45c500000)]
  0x000002b8b8cddb60 JavaThread "Flywheel Task Executor #0" [_thread_blocked, id=21292, stack(0x000000f46dd00000,0x000000f46de00000)]
  0x000002b8b8cdbd00 JavaThread "Flywheel Task Executor #1" [_thread_blocked, id=5144, stack(0x000000f46de00000,0x000000f46df00000)]
  0x000002b8b8cda3b0 JavaThread "Flywheel Task Executor #2" [_thread_blocked, id=17972, stack(0x000000f46df00000,0x000000f46e000000)]
  0x000002b8b8cde580 JavaThread "Flywheel Task Executor #3" [_thread_blocked, id=3836, stack(0x000000f46e000000,0x000000f46e100000)]
  0x000002b8b8cdefa0 JavaThread "Flywheel Task Executor #4" [_thread_blocked, id=18104, stack(0x000000f46e100000,0x000000f46e200000)]
  0x000002b8b8cdfed0 JavaThread "Flywheel Task Executor #5" [_thread_blocked, id=9228, stack(0x000000f46e200000,0x000000f46e300000)]
  0x000002b8b8ce03e0 JavaThread "Flywheel Task Executor #6" [_thread_blocked, id=18584, stack(0x000000f46e300000,0x000000f46e400000)]
  0x000002b8b8ce08f0 JavaThread "Flywheel Task Executor #7" [_thread_blocked, id=2904, stack(0x000000f46e400000,0x000000f46e500000)]
  0x000002b8b8cdf4b0 JavaThread "Flywheel Task Executor #8" [_thread_blocked, id=20004, stack(0x000000f46e500000,0x000000f46e600000)]
  0x000002b8b8cdea90 JavaThread "Flywheel Task Executor #9" [_thread_blocked, id=3384, stack(0x000000f46e600000,0x000000f46e700000)]
  0x000002b8b8cdf9c0 JavaThread "Telemetry-Sender-#1" [_thread_blocked, id=4664, stack(0x000000f46ea00000,0x000000f46eb00000)]
  0x000002b8b8cdd650 JavaThread "JEI Delayed Executor 0" [_thread_blocked, id=1564, stack(0x000000f46dc00000,0x000000f46dd00000)]
  0x000002b8b8cdd140 JavaThread "DH-Cleanup timer" daemon [_thread_blocked, id=23016, stack(0x000000f46fa00000,0x000000f46fb00000)]
  0x000002b8d4075000 JavaThread "DH-GLBuffer Cleanup Thread[0]" daemon [_thread_blocked, id=20412, stack(0x000000f470700000,0x000000f470800000)]
  0x000002b8d407ce90 JavaThread "DH-LodQuadTree Data Retrieval Queue Thread[0]" daemon [_thread_blocked, id=22036, stack(0x000000f45ec00000,0x000000f45ed00000)]
  0x000002b73e6131a0 JavaThread "DH-Task Picker Re-queue Schedule Thread[0]" daemon [_thread_blocked, id=24476, stack(0x000000f471400000,0x000000f471500000)]
  0x000002b8d407a100 JavaThread "DH-Positional Lock Cleanup Thread[0]" daemon [_thread_blocked, id=23608, stack(0x000000f471600000,0x000000f471700000)]
  0x000002b8d680e3a0 JavaThread "DH-Cleanup Thread[0]" daemon [_thread_blocked, id=4364, stack(0x000000f46ed00000,0x000000f46ee00000)]
  0x000002b8d6811130 JavaThread "Server Pinger #0" daemon [_thread_blocked, id=22916, stack(0x000000f45d500000,0x000000f45d600000)]
  0x000002b8d680d980 JavaThread "Server Pinger #1" daemon [_thread_blocked, id=18692, stack(0x000000f461100000,0x000000f461200000)]
  0x000002b8d68143d0 JavaThread "Server Pinger #2" daemon [_thread_blocked, id=4020, stack(0x000000f461200000,0x000000f461300000)]
  0x000002b8d6814df0 JavaThread "Server Pinger #3" daemon [_thread_blocked, id=25592, stack(0x000000f461300000,0x000000f461400000)]
  0x000002b8d68148e0 JavaThread "Server Pinger #4" daemon [_thread_blocked, id=18600, stack(0x000000f461400000,0x000000f461500000)]
  0x000002b8d6813ec0 JavaThread "Thread-128" daemon [_thread_in_native, id=23068, stack(0x000000f461500000,0x000000f461600000)]
  0x000002b8d6812060 JavaThread "Essential Ping Proxy Server #2" daemon [_thread_blocked, id=25924, stack(0x000000f463d00000,0x000000f463e00000)]
  0x000002b8d68134a0 JavaThread "Essential Ping Proxy Server #0" daemon [_thread_blocked, id=25412, stack(0x000000f463e00000,0x000000f463f00000)]
  0x000002b8d6811640 JavaThread "Essential Ping Proxy Server #1" daemon [_thread_blocked, id=24536, stack(0x000000f465700000,0x000000f465800000)]
  0x000002b8d6811b50 JavaThread "Essential Ping Proxy Client #0" daemon [_thread_blocked, id=23684, stack(0x000000f465800000,0x000000f465900000)]
  0x000002b8d6815300 JavaThread "Essential Ping Proxy Client #2" daemon [_thread_blocked, id=26892, stack(0x000000f465f00000,0x000000f466000000)]
  0x000002b8d6815810 JavaThread "Essential Ping Proxy Client #1" daemon [_thread_blocked, id=23104, stack(0x000000f466000000,0x000000f466100000)]
  0x000002b8d6812f90 JavaThread "Essential Ping Proxy Server #3" daemon [_thread_blocked, id=26056, stack(0x000000f466200000,0x000000f466300000)]
  0x000002b8d6812570 JavaThread "Essential Ping Proxy Client #3" daemon [_thread_blocked, id=26836, stack(0x000000f466800000,0x000000f466900000)]
  0x000002b8d6815d20 JavaThread "Essential Ping Proxy Server #4" daemon [_thread_blocked, id=24916, stack(0x000000f467000000,0x000000f467100000)]
  0x000002b8d68139b0 JavaThread "Essential Ping Proxy Server #5" daemon [_thread_blocked, id=26880, stack(0x000000f467700000,0x000000f467800000)]
  0x000002b8d68194d0 JavaThread "Essential Ping Proxy Server #6" daemon [_thread_blocked, id=25336, stack(0x000000f467800000,0x000000f467900000)]
  0x000002b8d6817670 JavaThread "Essential Ping Proxy Server #7" daemon [_thread_blocked, id=26876, stack(0x000000f467a00000,0x000000f467b00000)]
  0x000002b8d6816740 JavaThread "Essential Ping Proxy Server #8" daemon [_thread_blocked, id=26872, stack(0x000000f46a300000,0x000000f46a400000)]
  0x000002b8d6818fc0 JavaThread "Essential Ping Proxy Client #4" daemon [_thread_blocked, id=23228, stack(0x000000f46a400000,0x000000f46a500000)]
  0x000002b8d6816c50 JavaThread "Essential Ping Proxy Server #9" daemon [_thread_blocked, id=26860, stack(0x000000f46a700000,0x000000f46a800000)]
  0x000002b8d6818ab0 JavaThread "Essential Ping Proxy Server #10" daemon [_thread_blocked, id=3604, stack(0x000000f46a800000,0x000000f46a900000)]
  0x000002b8d6818090 JavaThread "Essential Ping Proxy Client #5" daemon [_thread_blocked, id=26244, stack(0x000000f46aa00000,0x000000f46ab00000)]
  0x000002b8d6817b80 JavaThread "Essential Ping Proxy Server #11" daemon [_thread_blocked, id=26240, stack(0x000000f46ab00000,0x000000f46ac00000)]
  0x000002b8d680c030 JavaThread "Worker-Main-28" daemon [_thread_blocked, id=14952, stack(0x000000f46ae00000,0x000000f46af00000)]
  0x000002b8d6810710 JavaThread "Worker-Main-29" daemon [_thread_blocked, id=14748, stack(0x000000f46af00000,0x000000f46b000000)]
  0x000002b8d681ae20 JavaThread "Server thread" [_thread_blocked, id=26016, stack(0x000000f467b00000,0x000000f467c00000)]
  0x000002b8d681b330 JavaThread "DH-ClientTickTimer" daemon [_thread_blocked, id=25864, stack(0x000000f469300000,0x000000f469400000)]
  0x000002b73e611850 JavaThread "DH-Update Propagate Queue [minecraft:overworld] Thread[0]" [_thread_blocked, id=23172, stack(0x000000f46b400000,0x000000f46b500000)]
  0x000002b73e612270 JavaThread "DH-Full Data Migration Thread[0]" [_thread_blocked, id=22692, stack(0x000000f46b500000,0x000000f46b600000)]
  0x000002b73e612780 JavaThread "DH-Request Module Ticker [minecraft:overworld] Thread[0]" daemon [_thread_blocked, id=21884, stack(0x000000f46b600000,0x000000f46b700000)]
  0x000002b73e6136b0 JavaThread "DH-DataSource Request Ticker [minecraft:overworld] Thread[0]" daemon [_thread_blocked, id=22876, stack(0x000000f46b700000,0x000000f46b800000)]
  0x000002b73e612c90 JavaThread "IO-Worker-30" [_thread_blocked, id=26844, stack(0x000000f46b800000,0x000000f46b900000)]
  0x000002b73e610e30 JavaThread "IO-Worker-31" [_thread_blocked, id=24668, stack(0x000000f46b900000,0x000000f46ba00000)]
  0x000002b73e60ff00 JavaThread "DH-ChunkSaveIgnoreTimer" daemon [_thread_blocked, id=2080, stack(0x000000f46ba00000,0x000000f46bb00000)]
  0x000002b73e613bc0 JavaThread "DH-ChunkSaveIgnoreTimer" daemon [_thread_blocked, id=3416, stack(0x000000f46bb00000,0x000000f46bc00000)]
  0x000002b73e611340 JavaThread "DH-World Gen Queue Thread[0]" [_thread_blocked, id=22640, stack(0x000000f46bc00000,0x000000f46bd00000)]
  0x000002b73e610410 JavaThread "DH-World Gen Progress Updater Thread[0]" daemon [_thread_blocked, id=26800, stack(0x000000f46bd00000,0x000000f46be00000)]
  0x000002b73e6140d0 JavaThread "DH-LOD Builder Thread[0]" [_thread_blocked, id=24976, stack(0x000000f468a00000,0x000000f468b00000)]
  0x000002b73e610920 JavaThread "DH-Update Propagate Queue [minecraft:the_end] Thread[0]" [_thread_blocked, id=22228, stack(0x000000f46ac00000,0x000000f46ad00000)]
  0x000002b73e616950 JavaThread "DH-Request Module Ticker [minecraft:the_end] Thread[0]" daemon [_thread_blocked, id=27336, stack(0x000000f46ad00000,0x000000f46ae00000)]
  0x000002b73e617d90 JavaThread "DH-DataSource Request Ticker [minecraft:the_end] Thread[0]" daemon [_thread_blocked, id=26672, stack(0x000000f46b200000,0x000000f46b300000)]
  0x000002b73e615f30 JavaThread "DH-Update Propagate Queue [minecraft:the_nether] Thread[0]" [_thread_blocked, id=27072, stack(0x000000f46b300000,0x000000f46b400000)]
  0x000002b73e615510 JavaThread "DH-Request Module Ticker [minecraft:the_nether] Thread[0]" daemon [_thread_blocked, id=6728, stack(0x000000f46be00000,0x000000f46bf00000)]
  0x000002b73e6145e0 JavaThread "DH-DataSource Request Ticker [minecraft:the_nether] Thread[0]" daemon [_thread_blocked, id=18860, stack(0x000000f46bf00000,0x000000f46c000000)]
  0x000002b73e616e60 JavaThread "DH-ChunkSaveIgnoreTimer" daemon [_thread_blocked, id=24384, stack(0x000000f46c000000,0x000000f46c100000)]
  0x000002b73e615a20 JavaThread "DH-ChunkSaveIgnoreTimer" daemon [_thread_blocked, id=24360, stack(0x000000f46c100000,0x000000f46c200000)]
  0x000002b73e617370 JavaThread "DH-World Gen Queue Thread[0]" [_thread_blocked, id=12132, stack(0x000000f46c500000,0x000000f46c600000)]
  0x000002b73e615000 JavaThread "DH-World Gen Progress Updater Thread[0]" daemon [_thread_blocked, id=26668, stack(0x000000f46c900000,0x000000f46ca00000)]
  0x000002b73e616440 JavaThread "DH-ChunkSaveIgnoreTimer" daemon [_thread_blocked, id=21704, stack(0x000000f46cd00000,0x000000f46ce00000)]
  0x000002b73e614af0 JavaThread "DH-ChunkSaveIgnoreTimer" daemon [_thread_blocked, id=27128, stack(0x000000f46ce00000,0x000000f46cf00000)]
  0x000002b73e61ba50 JavaThread "DH-World Gen Queue Thread[0]" [_thread_blocked, id=27404, stack(0x000000f46cf00000,0x000000f46d000000)]
  0x000002b73e61bf60 JavaThread "DH-World Gen Progress Updater Thread[0]" daemon [_thread_blocked, id=20728, stack(0x000000f46d100000,0x000000f46d200000)]
  0x000002b73e61c470 JavaThread "DH-LOD Builder Thread[1]" [_thread_blocked, id=27104, stack(0x000000f46d200000,0x000000f46d300000)]
  0x000002b73e618cc0 JavaThread "DH-LOD Builder Thread[2]" [_thread_blocked, id=19036, stack(0x000000f46d300000,0x000000f46d400000)]
  0x000002b73e61ce90 JavaThread "DH-LOD Builder Thread[3]" [_thread_blocked, id=27388, stack(0x000000f46d400000,0x000000f46d500000)]
  0x000002b73e6196e0 JavaThread "DH-LOD Builder Thread[4]" [_thread_blocked, id=3264, stack(0x000000f46d500000,0x000000f46d600000)]
  0x000002b73e61d8b0 JavaThread "DH-LOD Builder Thread[5]" [_thread_blocked, id=22028, stack(0x000000f46d600000,0x000000f46d700000)]
  0x000002b73e61a100 JavaThread "DH-LOD Builder Thread[6]" [_thread_blocked, id=10840, stack(0x000000f46d700000,0x000000f46d800000)]
  0x000002b73e61f200 JavaThread "DH-LOD Builder Thread[7]" [_thread_blocked, id=22308, stack(0x000000f46d800000,0x000000f46d900000)]
  0x000002b8b8cd9ea0 JavaThread "DH-LOD Builder Thread[8]" [_thread_blocked, id=22440, stack(0x000000f46d900000,0x000000f46da00000)]
  0x000002b8b8cdadd0 JavaThread "DH-LOD Builder Thread[9]" [_thread_blocked, id=9308, stack(0x000000f467c00000,0x000000f467d00000)]
  0x000002b8b8cd9990 JavaThread "DH-LOD Builder Thread[10]" [_thread_blocked, id=23284, stack(0x000000f46da00000,0x000000f46db00000)]
  0x000002b8b8cdb2e0 JavaThread "DH-LOD Builder Thread[11]" [_thread_blocked, id=9676, stack(0x000000f46db00000,0x000000f46dc00000)]
  0x000002b8b8cdc720 JavaThread "DH-Update Propagator Thread[0]" [_thread_blocked, id=22496, stack(0x000000f46ee00000,0x000000f46ef00000)]
  0x000002b8b8cdcc30 JavaThread "DH-Update Propagator Thread[1]" [_thread_blocked, id=24196, stack(0x000000f46ef00000,0x000000f46f000000)]
  0x000002b8b8ce1820 JavaThread "DH-Update Propagator Thread[2]" [_thread_blocked, id=25112, stack(0x000000f46f000000,0x000000f46f100000)]
  0x000002b8b8ce40a0 JavaThread "DH-Update Propagator Thread[3]" [_thread_blocked, id=26856, stack(0x000000f46e700000,0x000000f46e800000)]
  0x000002b8b8ce0e00 JavaThread "DH-Update Propagator Thread[4]" [_thread_blocked, id=24212, stack(0x000000f461600000,0x000000f461700000)]
  0x000002b8b8ce1d30 JavaThread "DH-Update Propagator Thread[5]" [_thread_blocked, id=24540, stack(0x000000f464c00000,0x000000f464d00000)]
  0x000002b8b8ce59f0 JavaThread "DH-Update Propagator Thread[6]" [_thread_blocked, id=4884, stack(0x000000f46e800000,0x000000f46e900000)]
  0x000002b8b8ce4fd0 JavaThread "DH-Update Propagator Thread[7]" [_thread_blocked, id=3788, stack(0x000000f46e900000,0x000000f46ea00000)]
  0x000002b8b8ce2240 JavaThread "DH-Update Propagator Thread[8]" [_thread_blocked, id=4412, stack(0x000000f45b300000,0x000000f45b400000)]
  0x000002b8b8ce5f00 JavaThread "DH-Update Propagator Thread[9]" [_thread_blocked, id=24644, stack(0x000000f46eb00000,0x000000f46ec00000)]
  0x000002b8b8ce6410 JavaThread "DH-Update Propagator Thread[10]" [_thread_blocked, id=24044, stack(0x000000f46ec00000,0x000000f46ed00000)]
  0x000002b8b8ce2c60 JavaThread "DH-Update Propagator Thread[11]" [_thread_blocked, id=27008, stack(0x000000f46f100000,0x000000f46f200000)]
  0x000002b8b8ce7340 JavaThread "VoiceChatPacketProcessingThread" daemon [_thread_blocked, id=27600, stack(0x000000f46f200000,0x000000f46f300000)]
  0x000002b8b8ce7850 JavaThread "VoiceChatServerThread" daemon [_thread_in_native, id=21720, stack(0x000000f46f300000,0x000000f46f400000)]
  0x000002b8ad6eb7b0 JavaThread "C2 CompilerThread1" daemon [_thread_blocked, id=22516, stack(0x000000f46f400000,0x000000f46f500000)]
  0x000002b8ad6e9d20 JavaThread "C2 CompilerThread2" daemon [_thread_blocked, id=2508, stack(0x000000f46f500000,0x000000f46f600000)]
  0x000002b8ad6e7d40 JavaThread "C2 CompilerThread3" daemon [_thread_blocked, id=22180, stack(0x000000f46f600000,0x000000f46f700000)]
  0x000002b8ad6ebd00 JavaThread "C2 CompilerThread4" daemon [_thread_blocked, id=23800, stack(0x000000f46f700000,0x000000f46f800000)]
  0x000002b8ad5e2ad0 JavaThread "C2 CompilerThread5" daemon [_thread_blocked, id=18820, stack(0x000000f46f800000,0x000000f46f900000)]
  0x000002b8ad5e7a80 JavaThread "C2 CompilerThread6" daemon [_thread_blocked, id=21612, stack(0x000000f46f900000,0x000000f46fa00000)]
  0x000002b8ad5e4560 JavaThread "C2 CompilerThread7" daemon [_thread_blocked, id=21604, stack(0x000000f46fb00000,0x000000f46fc00000)]
  0x000002b8b8ce91a0 JavaThread "Netty Server IO #2" daemon [_thread_in_native, id=27508, stack(0x000000f46fc00000,0x000000f46fd00000)]
  0x000002b8ad5e8520 JavaThread "C1 CompilerThread1" daemon [_thread_blocked, id=21760, stack(0x000000f46fd00000,0x000000f46fe00000)]
  0x000002b8b8ce8270 JavaThread "Netty Local Client IO #1" daemon [_thread_blocked, id=14316, stack(0x000000f46fe00000,0x000000f46ff00000)]
  0x000002b8b8ce7d60 JavaThread "Netty Server IO #3" daemon [_thread_in_native, id=9812, stack(0x000000f46ff00000,0x000000f470000000)]
  0x000002b8d4074af0 JavaThread "Citadel Pathfinding Worker #0" daemon [_thread_blocked, id=19356, stack(0x000000f470000000,0x000000f470100000)]
  0x000002b8ad5e4ab0 JavaThread "C1 CompilerThread2" daemon [_thread_blocked, id=19108, stack(0x000000f470100000,0x000000f470200000)]
  0x000002b8d4f13de0 JavaThread "C1 CompilerThread3" daemon [_thread_blocked, id=20424, stack(0x000000f470200000,0x000000f470300000)]
  0x000002b8d4076440 JavaThread "Sound engine" daemon [_thread_blocked, id=17868, stack(0x000000f470300000,0x000000f470400000)]
  0x000002b8d4080640 JavaThread "VoicechatSoundManagerThread" daemon [_thread_blocked, id=18188, stack(0x000000f470e00000,0x000000f470f00000)]
  0x000002b8d40787b0 JavaThread "ForkJoinPool.commonPool-worker-24" daemon [_thread_blocked, id=20668, stack(0x000000f471100000,0x000000f471200000)]
  0x000002b8d407e2d0 JavaThread "VoiceChatConnectionThread" daemon [_thread_in_native, id=14216, stack(0x000000f471500000,0x000000f471600000)]
  0x000002b8d407f200 JavaThread "DH-IO Thread[0]" [_thread_blocked, id=26928, stack(0x000000f471700000,0x000000f471800000)]
  0x000002b8d4081f90 JavaThread "DH-IO Thread[1]" [_thread_blocked, id=21500, stack(0x000000f471800000,0x000000f471900000)]
  0x000002b8d4082ec0 JavaThread "DH-IO Thread[2]" [_thread_blocked, id=22400, stack(0x000000f471900000,0x000000f471a00000)]
  0x000002b8d40824a0 JavaThread "DH-IO Thread[3]" [_thread_blocked, id=336, stack(0x000000f471a00000,0x000000f471b00000)]
  0x000002b822b1a770 JavaThread "DH-IO Thread[4]" [_thread_blocked, id=21508, stack(0x000000f471b00000,0x000000f471c00000)]
  0x000002b822b1ac80 JavaThread "DH-IO Thread[5]" [_thread_blocked, id=24472, stack(0x000000f471c00000,0x000000f471d00000)]
  0x000002b822b1b190 JavaThread "DH-IO Thread[6]" [_thread_blocked, id=21320, stack(0x000000f471d00000,0x000000f471e00000)]
  0x000002b822b1bbb0 JavaThread "DH-IO Thread[7]" [_thread_blocked, id=23976, stack(0x000000f471e00000,0x000000f471f00000)]
  0x000002b822b18400 JavaThread "DH-IO Thread[8]" [_thread_blocked, id=8056, stack(0x000000f471f00000,0x000000f472000000)]
  0x000002b822b1df20 JavaThread "DH-IO Thread[9]" [_thread_blocked, id=12416, stack(0x000000f472000000,0x000000f472100000)]
  0x000002b822b1c0c0 JavaThread "DH-IO Thread[10]" [_thread_blocked, id=21952, stack(0x000000f472100000,0x000000f472200000)]
  0x000002b822b1c5d0 JavaThread "DH-IO Thread[11]" [_thread_blocked, id=21404, stack(0x000000f472200000,0x000000f472300000)]
  0x000002b8d4079bf0 JavaThread "Chunk Render Task Executor #0" [_thread_blocked, id=26744, stack(0x000000f464b00000,0x000000f464c00000)]
  0x000002b8d4076e60 JavaThread "Chunk Render Task Executor #1" [_thread_blocked, id=24264, stack(0x000000f470400000,0x000000f470500000)]
  0x000002b8d4077880 JavaThread "Chunk Render Task Executor #2" [_thread_blocked, id=14888, stack(0x000000f470500000,0x000000f470600000)]
  0x000002b8d4076950 JavaThread "Chunk Render Task Executor #3" [_thread_blocked, id=27088, stack(0x000000f470600000,0x000000f470700000)]
  0x000002b8d407ab20 JavaThread "Chunk Render Task Executor #4" [_thread_blocked, id=25196, stack(0x000000f470800000,0x000000f470900000)]
  0x000002b8d4077d90 JavaThread "Chunk Render Task Executor #5" [_thread_blocked, id=23156, stack(0x000000f470900000,0x000000f470a00000)]
  0x000002b8d407ecf0 JavaThread "Chunk Render Task Executor #6" [_thread_blocked, id=27604, stack(0x000000f470a00000,0x000000f470b00000)]
  0x000002b8d407d8b0 JavaThread "Chunk Render Task Executor #7" [_thread_blocked, id=27536, stack(0x000000f470b00000,0x000000f470c00000)]
  0x000002b8d4080130 JavaThread "Chunk Render Task Executor #8" [_thread_blocked, id=26596, stack(0x000000f470c00000,0x000000f470d00000)]
  0x000002b8d407e7e0 JavaThread "Chunk Render Task Executor #9" [_thread_blocked, id=25288, stack(0x000000f470d00000,0x000000f470e00000)]
  0x000002b73cdb79f0 JavaThread "DH-Render Loader Thread[0]" [_thread_blocked, id=27068, stack(0x000000f472300000,0x000000f472400000)]
  0x000002b73cdbac90 JavaThread "DH-Render Loader Thread[1]" [_thread_blocked, id=27524, stack(0x000000f472400000,0x000000f472500000)]
  0x000002b73cdba780 JavaThread "DH-Render Loader Thread[2]" [_thread_blocked, id=16400, stack(0x000000f472500000,0x000000f472600000)]
  0x000002b73cdb74e0 JavaThread "DH-Render Loader Thread[3]" [_thread_blocked, id=21456, stack(0x000000f472600000,0x000000f472700000)]
  0x000002b73cdb8e30 JavaThread "DH-Render Loader Thread[4]" [_thread_blocked, id=22016, stack(0x000000f472700000,0x000000f472800000)]
  0x000002b73cdb9850 JavaThread "DH-Render Loader Thread[5]" [_thread_blocked, id=10024, stack(0x000000f472800000,0x000000f472900000)]
  0x000002b73cdbb1a0 JavaThread "DH-Render Loader Thread[6]" [_thread_blocked, id=27440, stack(0x000000f472900000,0x000000f472a00000)]
  0x000002b734979f60 JavaThread "DH-Render Loader Thread[7]" [_thread_blocked, id=25052, stack(0x000000f472a00000,0x000000f472b00000)]
  0x000002b7349771d0 JavaThread "DH-Render Loader Thread[8]" [_thread_blocked, id=24728, stack(0x000000f472b00000,0x000000f472c00000)]
  0x000002b73497ae90 JavaThread "DH-Render Loader Thread[9]" [_thread_blocked, id=26788, stack(0x000000f472c00000,0x000000f472d00000)]
  0x000002b734979030 JavaThread "DH-Render Loader Thread[10]" [_thread_blocked, id=10460, stack(0x000000f472d00000,0x000000f472e00000)]
  0x000002b7349776e0 JavaThread "DH-Render Loader Thread[11]" [_thread_blocked, id=19136, stack(0x000000f472e00000,0x000000f472f00000)]
  0x000002b73497b3a0 JavaThread "DH-Beacon Culling Thread[0]" [_thread_blocked, id=27520, stack(0x000000f472f00000,0x000000f473000000)]
  0x000002b736087f30 JavaThread "MicrophoneThread" daemon [_thread_blocked, id=22396, stack(0x000000f473000000,0x000000f473100000)]
  0x000002b8d680ca50 JavaThread "DH-World Gen Thread[0]" [_thread_blocked, id=3960, stack(0x000000f471200000,0x000000f471300000)]
  0x000002b8d681a910 JavaThread "DH-World Gen Thread[1]" [_thread_blocked, id=21016, stack(0x000000f471300000,0x000000f471400000)]
  0x000002b7294847c0 JavaThread "DH-World Gen Thread[2]" [_thread_blocked, id=22468, stack(0x000000f473100000,0x000000f473200000)]
  0x000002b729486110 JavaThread "DH-World Gen Thread[3]" [_thread_blocked, id=10292, stack(0x000000f473200000,0x000000f473300000)]
  0x000002b729486620 JavaThread "DH-World Gen Thread[4]" [_thread_blocked, id=16932, stack(0x000000f473300000,0x000000f473400000)]
  0x000002b8d407d3a0 JavaThread "DH-World Gen Thread[5]" [_thread_blocked, id=22428, stack(0x000000f473400000,0x000000f473500000)]
  0x000002b8d4081060 JavaThread "DH-World Gen Thread[6]" [_thread_blocked, id=17384, stack(0x000000f473500000,0x000000f473600000)]
  0x000002b731da5d00 JavaThread "DH-World Gen Thread[7]" [_thread_blocked, id=3348, stack(0x000000f473600000,0x000000f473700000)]
  0x000002b731da6720 JavaThread "DH-World Gen Thread[8]" [_thread_blocked, id=21948, stack(0x000000f473700000,0x000000f473800000)]
  0x000002b73c409080 JavaThread "DH-World Gen Thread[9]" [_thread_blocked, id=20128, stack(0x000000f473800000,0x000000f473900000)]
  0x000002b73c40d250 JavaThread "DH-World Gen Thread[10]" [_thread_blocked, id=9324, stack(0x000000f473900000,0x000000f473a00000)]
  0x000002b7360851a0 JavaThread "DH-World Gen Thread[11]" [_thread_blocked, id=21124, stack(0x000000f473a00000,0x000000f473b00000)]
  0x000002b7311748e0 JavaThread "Thread-148" [_thread_blocked, id=27324, stack(0x000000f473b00000,0x000000f473c00000)]

Other Threads:
=>0x000002b7292763c0 VMThread "VM Thread" [stack: 0x000000f45ba00000,0x000000f45bb00000] [id=24392]
  0x000002b72948c560 WatcherThread [stack: 0x000000f45c800000,0x000000f45c900000] [id=26048]
  0x000002b775f2c190 GCTaskThread "GC Thread#0" [stack: 0x000000f45b500000,0x000000f45b600000] [id=24920]
  0x000002b72e1c7300 GCTaskThread "GC Thread#1" [stack: 0x000000f45ce00000,0x000000f45cf00000] [id=24848]
  0x000002b72e1c75c0 GCTaskThread "GC Thread#2" [stack: 0x000000f45cf00000,0x000000f45d000000] [id=24984]
  0x000002b72e1422a0 GCTaskThread "GC Thread#3" [stack: 0x000000f45d000000,0x000000f45d100000] [id=24980]
  0x000002b72e142560 GCTaskThread "GC Thread#4" [stack: 0x000000f45d100000,0x000000f45d200000] [id=24988]
  0x000002b72e13e8f0 GCTaskThread "GC Thread#5" [stack: 0x000000f45d200000,0x000000f45d300000] [id=24996]
  0x000002b72e3ed850 GCTaskThread "GC Thread#6" [stack: 0x000000f45d600000,0x000000f45d700000] [id=27020]
  0x000002b72f0b5330 GCTaskThread "GC Thread#7" [stack: 0x000000f45d700000,0x000000f45d800000] [id=26188]
  0x000002b72e1360f0 GCTaskThread "GC Thread#8" [stack: 0x000000f45d800000,0x000000f45d900000] [id=25000]
  0x000002b72f09af50 GCTaskThread "GC Thread#9" [stack: 0x000000f45d900000,0x000000f45da00000] [id=21584]
  0x000002b72f3f0c60 GCTaskThread "GC Thread#10" [stack: 0x000000f45da00000,0x000000f45db00000] [id=26772]
  0x000002b72e1aa6b0 GCTaskThread "GC Thread#11" [stack: 0x000000f45df00000,0x000000f45e000000] [id=26776]
  0x000002b7362bcdc0 GCTaskThread "GC Thread#12" [stack: 0x000000f45e000000,0x000000f45e100000] [id=22420]
  0x000002b7362b9f00 GCTaskThread "GC Thread#13" [stack: 0x000000f45e200000,0x000000f45e300000] [id=23992]
  0x000002b7362b9400 GCTaskThread "GC Thread#14" [stack: 0x000000f45e300000,0x000000f45e400000] [id=23960]
  0x000002b7362bb240 GCTaskThread "GC Thread#15" [stack: 0x000000f45e400000,0x000000f45e500000] [id=24288]
  0x000002b7362bbd40 GCTaskThread "GC Thread#16" [stack: 0x000000f45e500000,0x000000f45e600000] [id=24008]
  0x000002b7362b96c0 GCTaskThread "GC Thread#17" [stack: 0x000000f45e600000,0x000000f45e700000] [id=24236]
  0x000002b77ec418a0 ConcurrentGCThread "G1 Main Marker" [stack: 0x000000f45b600000,0x000000f45b700000] [id=24368]
  0x000002b775f2ec30 ConcurrentGCThread "G1 Conc#0" [stack: 0x000000f45b700000,0x000000f45b800000] [id=25784]
  0x000002b72e1ab9f0 ConcurrentGCThread "G1 Conc#1" [stack: 0x000000f45db00000,0x000000f45dc00000] [id=26964]
  0x000002b72e1abcb0 ConcurrentGCThread "G1 Conc#2" [stack: 0x000000f45dc00000,0x000000f45dd00000] [id=26780]
  0x000002b72e1aaef0 ConcurrentGCThread "G1 Conc#3" [stack: 0x000000f45dd00000,0x000000f45de00000] [id=26768]
  0x000002b72e1ab470 ConcurrentGCThread "G1 Conc#4" [stack: 0x000000f45de00000,0x000000f45df00000] [id=26968]
  0x000002b77ecee7b0 ConcurrentGCThread "G1 Refine#0" [stack: 0x000000f45b800000,0x000000f45b900000] [id=25956]
  0x000002b73955af50 ConcurrentGCThread "G1 Refine#1" [stack: 0x000000f45cd00000,0x000000f45ce00000] [id=21648]
  0x000002b73955a390 ConcurrentGCThread "G1 Refine#2" [stack: 0x000000f45d300000,0x000000f45d400000] [id=21644]
  0x000002b731288820 ConcurrentGCThread "G1 Refine#3" [stack: 0x000000f45ef00000,0x000000f45f000000] [id=24396]
  0x000002b7312899c0 ConcurrentGCThread "G1 Refine#4" [stack: 0x000000f45f000000,0x000000f45f100000] [id=24448]
  0x000002b733440250 ConcurrentGCThread "G1 Refine#5" [stack: 0x000000f464000000,0x000000f464100000] [id=15844]
  0x000002b733440830 ConcurrentGCThread "G1 Refine#6" [stack: 0x000000f468100000,0x000000f468200000] [id=22572]
  0x000002b73aef1680 ConcurrentGCThread "G1 Refine#7" [stack: 0x000000f469700000,0x000000f469800000] [id=12620]
  0x000002b73aeef050 ConcurrentGCThread "G1 Refine#8" [stack: 0x000000f469800000,0x000000f469900000] [id=7136]
  0x000002b73aef1390 ConcurrentGCThread "G1 Refine#9" [stack: 0x000000f469900000,0x000000f469a00000] [id=20204]
  0x000002b73aef1970 ConcurrentGCThread "G1 Refine#10" [stack: 0x000000f469a00000,0x000000f469b00000] [id=4176]
  0x000002b73aeef630 ConcurrentGCThread "G1 Refine#11" [stack: 0x000000f469b00000,0x000000f469c00000] [id=5168]
  0x000002b73aef1c60 ConcurrentGCThread "G1 Refine#12" [stack: 0x000000f469c00000,0x000000f469d00000] [id=12516]
  0x000002b73aeefc10 ConcurrentGCThread "G1 Refine#13" [stack: 0x000000f469e00000,0x000000f469f00000] [id=2592]
  0x000002b73aeeff00 ConcurrentGCThread "G1 Refine#14" [stack: 0x000000f469f00000,0x000000f46a000000] [id=11844]
  0x000002b73aef01f0 ConcurrentGCThread "G1 Refine#15" [stack: 0x000000f46a000000,0x000000f46a100000] [id=20280]
  0x000002b73aeee490 ConcurrentGCThread "G1 Refine#16" [stack: 0x000000f46a100000,0x000000f46a200000] [id=11556]
  0x000002b73aeee780 ConcurrentGCThread "G1 Refine#17" [stack: 0x000000f46a200000,0x000000f46a300000] [id=20108]
  0x000002b77eceffa0 ConcurrentGCThread "G1 Service" [stack: 0x000000f45b900000,0x000000f45ba00000] [id=25960]

Threads with active compile tasks:
C2 CompilerThread0   413196 73229       4       team.creative.ambientsounds.environment.pocket.AirPocketScanner::scan (602 bytes)
C2 CompilerThread1   413196 73218       4       link.infra.indium.renderer.render.ItemRenderContext::renderQuad (79 bytes)
C2 CompilerThread2   413196 73208   !   4       xaero.map.MapWriter::writeChunk (1939 bytes)
C2 CompilerThread3   413196 73217       4       link.infra.indium.renderer.render.ItemRenderContext$1::emitDirectly (9 bytes)
C2 CompilerThread4   413196 72034 % !   4       xaero.map.file.worldsave.WorldDataReader::buildTile @ 166 (2316 bytes)
C2 CompilerThread5   413196 73200       4       net.minecraft.class_5726::method_33012 (95 bytes)
C2 CompilerThread6   413196 73143       4       com.github.alexthe666.citadel.client.model.AdvancedModelBox::doRender (335 bytes)
C2 CompilerThread7   413196 73195       4       net.minecraft.class_5726::method_33010 (44 bytes)

VM state: at safepoint (normal execution)

VM Mutex/Monitor currently owned by a thread:  ([mutex/lock_event])
[0x000002b775e85480] Threads_lock - owner thread: 0x000002b7292763c0
[0x000002b775e85750] Heap_lock - owner thread: 0x000002b8d681ae20

Heap address: 0x0000000500000000, size: 12288 MB, Compressed Oops mode: Zero based, Oop shift amount: 3

CDS archive(s) not mapped
Compressed class space mapped at: 0x0000000800000000-0x0000000840000000, reserved size: 1073741824
Narrow klass base: 0x0000000800000000, Narrow klass shift: 0, Narrow klass range: 0x40000000

GC Precious Log:
 CPUs: 24 total, 24 available
 Memory: 15745M
 Large Page Support: Disabled
 NUMA Support: Disabled
 Compressed Oops: Enabled (Zero based)
 Heap Region Size: 32M
 Heap Min Capacity: 32M
 Heap Initial Capacity: 256M
 Heap Max Capacity: 12G
 Pre-touch: Disabled
 Parallel Workers: 18
 Concurrent Workers: 5
 Concurrent Refinement Workers: 18
 Periodic GC: Disabled

Heap:
 garbage-first heap   total 5668864K, used 2252633K [0x0000000500000000, 0x0000000800000000)
  region size 32768K, 1 young (32768K), 1 survivors (32768K)
 Metaspace       used 295440K, committed 298048K, reserved 1310720K
  class space    used 43663K, committed 44800K, reserved 1048576K

Heap Regions: E=young(eden), S=young(survivor), O=old, HS=humongous(starts), HC=humongous(continues), CS=collection set, F=free, OA=open archive, CA=closed archive, TAMS=top-at-mark-start (previous, next)
|   0|0x0000000500000000, 0x0000000502000000, 0x0000000502000000|100%| O|  |TAMS 0x0000000502000000, 0x0000000500000000| Untracked 
|   1|0x0000000502000000, 0x0000000503fffff0, 0x0000000504000000| 99%| O|  |TAMS 0x0000000503fffff0, 0x0000000502000000| Untracked 
|   2|0x0000000504000000, 0x0000000505ffff18, 0x0000000506000000| 99%| O|  |TAMS 0x0000000505ffff18, 0x0000000504000000| Untracked 
|   3|0x0000000506000000, 0x0000000507ffffd0, 0x0000000508000000| 99%| O|  |TAMS 0x0000000507ffffd0, 0x0000000506000000| Untracked 
|   4|0x0000000508000000, 0x000000050a000000, 0x000000050a000000|100%| O|  |TAMS 0x000000050a000000, 0x0000000508000000| Untracked 
|   5|0x000000050a000000, 0x000000050bfffff0, 0x000000050c000000| 99%| O|  |TAMS 0x000000050bfffff0, 0x000000050a000000| Untracked 
|   6|0x000000050c000000, 0x000000050dfffff8, 0x000000050e000000| 99%| O|  |TAMS 0x000000050dfffff8, 0x000000050c000000| Untracked 
|   7|0x000000050e000000, 0x0000000510000000, 0x0000000510000000|100%| O|  |TAMS 0x0000000510000000, 0x000000050e000000| Untracked 
|   8|0x0000000510000000, 0x0000000511ffffd8, 0x0000000512000000| 99%| O|  |TAMS 0x0000000511ffffd8, 0x0000000510000000| Untracked 
|   9|0x0000000512000000, 0x0000000513fffff0, 0x0000000514000000| 99%| O|  |TAMS 0x0000000513fffff0, 0x0000000512000000| Untracked 
|  10|0x0000000514000000, 0x0000000516000000, 0x0000000516000000|100%| O|  |TAMS 0x0000000516000000, 0x0000000514000000| Untracked 
|  11|0x0000000516000000, 0x0000000517fffdf8, 0x0000000518000000| 99%| O|  |TAMS 0x0000000517fffdf8, 0x0000000516000000| Untracked 
|  12|0x0000000518000000, 0x0000000519f0f168, 0x000000051a000000| 97%| O|  |TAMS 0x0000000519f0f168, 0x0000000518000000| Untracked 
|  13|0x000000051a000000, 0x000000051c000000, 0x000000051c000000|100%| O|  |TAMS 0x000000051c000000, 0x000000051a000000| Untracked 
|  14|0x000000051c000000, 0x000000051e000000, 0x000000051e000000|100%| O|  |TAMS 0x000000051c000000, 0x000000051c000000| Untracked 
|  15|0x000000051e000000, 0x0000000520000000, 0x0000000520000000|100%| O|  |TAMS 0x0000000520000000, 0x000000051e000000| Untracked 
|  16|0x0000000520000000, 0x0000000522000000, 0x0000000522000000|100%| O|  |TAMS 0x0000000522000000, 0x0000000520000000| Untracked 
|  17|0x0000000522000000, 0x0000000524000000, 0x0000000524000000|100%| O|  |TAMS 0x0000000522000000, 0x0000000522000000| Untracked 
|  18|0x0000000524000000, 0x0000000526000000, 0x0000000526000000|100%| O|  |TAMS 0x0000000526000000, 0x0000000524000000| Untracked 
|  19|0x0000000526000000, 0x0000000528000000, 0x0000000528000000|100%| O|  |TAMS 0x0000000528000000, 0x0000000526000000| Untracked 
|  20|0x0000000528000000, 0x000000052a000000, 0x000000052a000000|100%| O|  |TAMS 0x0000000528000000, 0x0000000528000000| Untracked 
|  21|0x000000052a000000, 0x000000052c000000, 0x000000052c000000|100%| O|  |TAMS 0x000000052c000000, 0x000000052a000000| Untracked 
|  22|0x000000052c000000, 0x000000052e000000, 0x000000052e000000|100%| O|  |TAMS 0x000000052e000000, 0x000000052c000000| Untracked 
|  23|0x000000052e000000, 0x0000000530000000, 0x0000000530000000|100%| O|  |TAMS 0x0000000530000000, 0x000000052e000000| Untracked 
|  24|0x0000000530000000, 0x0000000532000000, 0x0000000532000000|100%| O|  |TAMS 0x0000000530000000, 0x0000000530000000| Untracked 
|  25|0x0000000532000000, 0x000000053226e400, 0x0000000534000000|  7%| O|  |TAMS 0x0000000532000000, 0x0000000532000000| Untracked 
|  26|0x0000000534000000, 0x0000000536000000, 0x0000000536000000|100%| O|  |TAMS 0x0000000534000000, 0x0000000534000000| Untracked 
|  27|0x0000000536000000, 0x0000000536000000, 0x0000000538000000|  0%| F|  |TAMS 0x0000000536000000, 0x0000000536000000| Untracked 
|  28|0x0000000538000000, 0x0000000539fffff8, 0x000000053a000000| 99%| O|  |TAMS 0x0000000539fffff8, 0x0000000538000000| Untracked 
|  29|0x000000053a000000, 0x000000053a000000, 0x000000053c000000|  0%| F|  |TAMS 0x000000053a000000, 0x000000053a000000| Untracked 
|  30|0x000000053c000000, 0x000000053c000000, 0x000000053e000000|  0%| F|  |TAMS 0x000000053c000000, 0x000000053c000000| Untracked 
|  31|0x000000053e000000, 0x0000000540000000, 0x0000000540000000|100%| O|  |TAMS 0x0000000540000000, 0x000000053e000000| Untracked 
|  32|0x0000000540000000, 0x0000000542000000, 0x0000000542000000|100%| O|  |TAMS 0x0000000542000000, 0x0000000540000000| Untracked 
|  33|0x0000000542000000, 0x0000000543fffff8, 0x0000000544000000| 99%| O|  |TAMS 0x0000000543fffff8, 0x0000000542000000| Untracked 
|  34|0x0000000544000000, 0x0000000546000000, 0x0000000546000000|100%| O|  |TAMS 0x0000000546000000, 0x0000000544000000| Untracked 
|  35|0x0000000546000000, 0x0000000548000000, 0x0000000548000000|100%| O|  |TAMS 0x0000000548000000, 0x0000000546000000| Untracked 
|  36|0x0000000548000000, 0x000000054a000000, 0x000000054a000000|100%| O|  |TAMS 0x000000054a000000, 0x0000000548000000| Untracked 
|  37|0x000000054a000000, 0x000000054c000000, 0x000000054c000000|100%| O|  |TAMS 0x000000054c000000, 0x000000054a000000| Untracked 
|  38|0x000000054c000000, 0x000000054e000000, 0x000000054e000000|100%| O|  |TAMS 0x000000054e000000, 0x000000054c000000| Untracked 
|  39|0x000000054e000000, 0x0000000550000000, 0x0000000550000000|100%| O|  |TAMS 0x0000000550000000, 0x000000054e000000| Untracked 
|  40|0x0000000550000000, 0x0000000552000000, 0x0000000552000000|100%| O|  |TAMS 0x0000000552000000, 0x0000000550000000| Untracked 
|  41|0x0000000552000000, 0x0000000554000000, 0x0000000554000000|100%| O|  |TAMS 0x0000000554000000, 0x0000000552000000| Untracked 
|  42|0x0000000554000000, 0x0000000554000000, 0x0000000556000000|  0%| F|  |TAMS 0x0000000554000000, 0x0000000554000000| Untracked 
|  43|0x0000000556000000, 0x0000000558000000, 0x0000000558000000|100%| O|  |TAMS 0x0000000558000000, 0x0000000556000000| Untracked 
|  44|0x0000000558000000, 0x000000055a000000, 0x000000055a000000|100%|HS|  |TAMS 0x000000055a000000, 0x0000000558000000| Complete 
|  45|0x000000055a000000, 0x000000055c000000, 0x000000055c000000|100%| O|  |TAMS 0x000000055c000000, 0x000000055a000000| Untracked 
|  46|0x000000055c000000, 0x000000055c000000, 0x000000055e000000|  0%| F|  |TAMS 0x000000055c000000, 0x000000055c000000| Untracked 
|  47|0x000000055e000000, 0x0000000560000000, 0x0000000560000000|100%| O|  |TAMS 0x0000000560000000, 0x000000055e000000| Untracked 
|  48|0x0000000560000000, 0x0000000562000000, 0x0000000562000000|100%| O|  |TAMS 0x0000000562000000, 0x0000000560000000| Untracked 
|  49|0x0000000562000000, 0x0000000562000000, 0x0000000564000000|  0%| F|  |TAMS 0x0000000562000000, 0x0000000562000000| Untracked 
|  50|0x0000000564000000, 0x0000000566000000, 0x0000000566000000|100%| O|  |TAMS 0x0000000566000000, 0x0000000564000000| Untracked 
|  51|0x0000000566000000, 0x0000000568000000, 0x0000000568000000|100%| O|  |TAMS 0x0000000568000000, 0x0000000566000000| Untracked 
|  52|0x0000000568000000, 0x000000056a000000, 0x000000056a000000|100%| O|  |TAMS 0x000000056a000000, 0x0000000568000000| Untracked 
|  53|0x000000056a000000, 0x000000056c000000, 0x000000056c000000|100%| O|  |TAMS 0x000000056c000000, 0x000000056a000000| Untracked 
|  54|0x000000056c000000, 0x000000056e000000, 0x000000056e000000|100%| O|  |TAMS 0x000000056e000000, 0x000000056c000000| Untracked 
|  55|0x000000056e000000, 0x000000056e000000, 0x0000000570000000|  0%| F|  |TAMS 0x000000056e000000, 0x000000056e000000| Untracked 
|  56|0x0000000570000000, 0x0000000570000000, 0x0000000572000000|  0%| F|  |TAMS 0x0000000570000000, 0x0000000570000000| Untracked 
|  57|0x0000000572000000, 0x0000000572000000, 0x0000000574000000|  0%| F|  |TAMS 0x0000000572000000, 0x0000000572000000| Untracked 
|  58|0x0000000574000000, 0x0000000574000000, 0x0000000576000000|  0%| F|  |TAMS 0x0000000574000000, 0x0000000574000000| Untracked 
|  59|0x0000000576000000, 0x0000000578000000, 0x0000000578000000|100%| O|  |TAMS 0x0000000578000000, 0x0000000576000000| Untracked 
|  60|0x0000000578000000, 0x000000057a000000, 0x000000057a000000|100%| O|  |TAMS 0x000000057a000000, 0x0000000578000000| Untracked 
|  61|0x000000057a000000, 0x000000057c000000, 0x000000057c000000|100%| O|  |TAMS 0x000000057c000000, 0x000000057a000000| Untracked 
|  62|0x000000057c000000, 0x000000057e000000, 0x000000057e000000|100%| O|  |TAMS 0x000000057e000000, 0x000000057c000000| Untracked 
|  63|0x000000057e000000, 0x000000057ffe0000, 0x0000000580000000| 99%| O|  |TAMS 0x000000057ffe0000, 0x000000057e000000| Untracked 
|  64|0x0000000580000000, 0x0000000582000000, 0x0000000582000000|100%| O|  |TAMS 0x0000000582000000, 0x0000000580000000| Untracked 
|  65|0x0000000582000000, 0x0000000582000000, 0x0000000584000000|  0%| F|  |TAMS 0x0000000582000000, 0x0000000582000000| Untracked 
|  66|0x0000000584000000, 0x0000000584000000, 0x0000000586000000|  0%| F|  |TAMS 0x0000000584000000, 0x0000000584000000| Untracked 
|  67|0x0000000586000000, 0x0000000586000000, 0x0000000588000000|  0%| F|  |TAMS 0x0000000586000000, 0x0000000586000000| Untracked 
|  68|0x0000000588000000, 0x000000058a000000, 0x000000058a000000|100%| O|  |TAMS 0x0000000588000000, 0x0000000588000000| Untracked 
|  69|0x000000058a000000, 0x000000058c000000, 0x000000058c000000|100%| O|  |TAMS 0x000000058a000000, 0x000000058a000000| Untracked 
|  70|0x000000058c000000, 0x000000058e000000, 0x000000058e000000|100%| O|  |TAMS 0x000000058c000000, 0x000000058c000000| Untracked 
|  71|0x000000058e000000, 0x0000000590000000, 0x0000000590000000|100%| O|  |TAMS 0x000000058e000000, 0x000000058e000000| Untracked 
|  72|0x0000000590000000, 0x0000000592000000, 0x0000000592000000|100%| O|  |TAMS 0x0000000592000000, 0x0000000590000000| Untracked 
|  73|0x0000000592000000, 0x0000000594000000, 0x0000000594000000|100%| O|  |TAMS 0x0000000592000000, 0x0000000592000000| Untracked 
|  74|0x0000000594000000, 0x0000000594000000, 0x0000000596000000|  0%| F|  |TAMS 0x0000000594000000, 0x0000000594000000| Untracked 
|  75|0x0000000596000000, 0x0000000598000000, 0x0000000598000000|100%| O|  |TAMS 0x0000000596000000, 0x0000000596000000| Untracked 
|  76|0x0000000598000000, 0x000000059a000000, 0x000000059a000000|100%| O|  |TAMS 0x0000000598000000, 0x0000000598000000| Untracked 
|  77|0x000000059a000000, 0x000000059c000000, 0x000000059c000000|100%| O|  |TAMS 0x000000059a000000, 0x000000059a000000| Untracked 
|  78|0x000000059c000000, 0x000000059e000000, 0x000000059e000000|100%| O|  |TAMS 0x000000059c000000, 0x000000059c000000| Untracked 
|  79|0x000000059e000000, 0x00000005a0000000, 0x00000005a0000000|100%| O|  |TAMS 0x000000059e000000, 0x000000059e000000| Untracked 
|  80|0x00000005a0000000, 0x00000005a2000000, 0x00000005a2000000|100%| O|  |TAMS 0x00000005a0000000, 0x00000005a0000000| Untracked 
|  81|0x00000005a2000000, 0x00000005a2000000, 0x00000005a4000000|  0%| F|  |TAMS 0x00000005a2000000, 0x00000005a2000000| Untracked 
|  82|0x00000005a4000000, 0x00000005a4000000, 0x00000005a6000000|  0%| F|  |TAMS 0x00000005a4000000, 0x00000005a4000000| Untracked 
|  83|0x00000005a6000000, 0x00000005a8000000, 0x00000005a8000000|100%| O|  |TAMS 0x00000005a8000000, 0x00000005a6000000| Untracked 
|  84|0x00000005a8000000, 0x00000005aa000000, 0x00000005aa000000|100%| O|  |TAMS 0x00000005aa000000, 0x00000005a8000000| Untracked 
|  85|0x00000005aa000000, 0x00000005aa000000, 0x00000005ac000000|  0%| F|  |TAMS 0x00000005aa000000, 0x00000005aa000000| Untracked 
|  86|0x00000005ac000000, 0x00000005ac000000, 0x00000005ae000000|  0%| F|  |TAMS 0x00000005ac000000, 0x00000005ac000000| Untracked 
|  87|0x00000005ae000000, 0x00000005ae000000, 0x00000005b0000000|  0%| F|  |TAMS 0x00000005ae000000, 0x00000005ae000000| Untracked 
|  88|0x00000005b0000000, 0x00000005b0000000, 0x00000005b2000000|  0%| F|  |TAMS 0x00000005b0000000, 0x00000005b0000000| Untracked 
|  89|0x00000005b2000000, 0x00000005b2000000, 0x00000005b4000000|  0%| F|  |TAMS 0x00000005b2000000, 0x00000005b2000000| Untracked 
|  90|0x00000005b4000000, 0x00000005b4000000, 0x00000005b6000000|  0%| F|  |TAMS 0x00000005b4000000, 0x00000005b4000000| Untracked 
|  91|0x00000005b6000000, 0x00000005b6000000, 0x00000005b8000000|  0%| F|  |TAMS 0x00000005b6000000, 0x00000005b6000000| Untracked 
|  92|0x00000005b8000000, 0x00000005b8000000, 0x00000005ba000000|  0%| F|  |TAMS 0x00000005b8000000, 0x00000005b8000000| Untracked 
|  93|0x00000005ba000000, 0x00000005ba000000, 0x00000005bc000000|  0%| F|  |TAMS 0x00000005ba000000, 0x00000005ba000000| Untracked 
|  94|0x00000005bc000000, 0x00000005bc000000, 0x00000005be000000|  0%| F|  |TAMS 0x00000005bc000000, 0x00000005bc000000| Untracked 
|  95|0x00000005be000000, 0x00000005be000000, 0x00000005c0000000|  0%| F|  |TAMS 0x00000005be000000, 0x00000005be000000| Untracked 
|  96|0x00000005c0000000, 0x00000005c0000000, 0x00000005c2000000|  0%| F|  |TAMS 0x00000005c0000000, 0x00000005c0000000| Untracked 
|  97|0x00000005c2000000, 0x00000005c2000000, 0x00000005c4000000|  0%| F|  |TAMS 0x00000005c2000000, 0x00000005c2000000| Untracked 
|  98|0x00000005c4000000, 0x00000005c4000000, 0x00000005c6000000|  0%| F|  |TAMS 0x00000005c4000000, 0x00000005c4000000| Untracked 
|  99|0x00000005c6000000, 0x00000005c6000000, 0x00000005c8000000|  0%| F|  |TAMS 0x00000005c6000000, 0x00000005c6000000| Untracked 
| 100|0x00000005c8000000, 0x00000005c8000000, 0x00000005ca000000|  0%| F|  |TAMS 0x00000005c8000000, 0x00000005c8000000| Untracked 
| 101|0x00000005ca000000, 0x00000005ca000000, 0x00000005cc000000|  0%| F|  |TAMS 0x00000005ca000000, 0x00000005ca000000| Untracked 
| 102|0x00000005cc000000, 0x00000005cc000000, 0x00000005ce000000|  0%| F|  |TAMS 0x00000005cc000000, 0x00000005cc000000| Untracked 
| 103|0x00000005ce000000, 0x00000005ce000000, 0x00000005d0000000|  0%| F|  |TAMS 0x00000005ce000000, 0x00000005ce000000| Untracked 
| 104|0x00000005d0000000, 0x00000005d0000000, 0x00000005d2000000|  0%| F|  |TAMS 0x00000005d0000000, 0x00000005d0000000| Untracked 
| 105|0x00000005d2000000, 0x00000005d2000000, 0x00000005d4000000|  0%| F|  |TAMS 0x00000005d2000000, 0x00000005d2000000| Untracked 
| 106|0x00000005d4000000, 0x00000005d5679478, 0x00000005d6000000| 70%| S|CS|TAMS 0x00000005d4000000, 0x00000005d4000000| Complete 
| 107|0x00000005d6000000, 0x00000005d6000000, 0x00000005d8000000|  0%| F|  |TAMS 0x00000005d6000000, 0x00000005d6000000| Untracked 
| 108|0x00000005d8000000, 0x00000005d8000000, 0x00000005da000000|  0%| F|  |TAMS 0x00000005d8000000, 0x00000005d8000000| Untracked 
| 109|0x00000005da000000, 0x00000005da000000, 0x00000005dc000000|  0%| F|  |TAMS 0x00000005da000000, 0x00000005da000000| Untracked 
| 110|0x00000005dc000000, 0x00000005dc000000, 0x00000005de000000|  0%| F|  |TAMS 0x00000005dc000000, 0x00000005dc000000| Untracked 
| 111|0x00000005de000000, 0x00000005de000000, 0x00000005e0000000|  0%| F|  |TAMS 0x00000005de000000, 0x00000005de000000| Untracked 
| 112|0x00000005e0000000, 0x00000005e0000000, 0x00000005e2000000|  0%| F|  |TAMS 0x00000005e0000000, 0x00000005e0000000| Untracked 
| 113|0x00000005e2000000, 0x00000005e2000000, 0x00000005e4000000|  0%| F|  |TAMS 0x00000005e2000000, 0x00000005e2000000| Untracked 
| 114|0x00000005e4000000, 0x00000005e4000000, 0x00000005e6000000|  0%| F|  |TAMS 0x00000005e4000000, 0x00000005e4000000| Untracked 
| 115|0x00000005e6000000, 0x00000005e6000000, 0x00000005e8000000|  0%| F|  |TAMS 0x00000005e6000000, 0x00000005e6000000| Untracked 
| 116|0x00000005e8000000, 0x00000005e8000000, 0x00000005ea000000|  0%| F|  |TAMS 0x00000005e8000000, 0x00000005e8000000| Untracked 
| 117|0x00000005ea000000, 0x00000005ea000000, 0x00000005ec000000|  0%| F|  |TAMS 0x00000005ea000000, 0x00000005ea000000| Untracked 
| 118|0x00000005ec000000, 0x00000005ec000000, 0x00000005ee000000|  0%| F|  |TAMS 0x00000005ec000000, 0x00000005ec000000| Untracked 
| 119|0x00000005ee000000, 0x00000005ee000000, 0x00000005f0000000|  0%| F|  |TAMS 0x00000005ee000000, 0x00000005ee000000| Untracked 
| 120|0x00000005f0000000, 0x00000005f0000000, 0x00000005f2000000|  0%| F|  |TAMS 0x00000005f0000000, 0x00000005f0000000| Untracked 
| 121|0x00000005f2000000, 0x00000005f2000000, 0x00000005f4000000|  0%| F|  |TAMS 0x00000005f2000000, 0x00000005f2000000| Untracked 
| 122|0x00000005f4000000, 0x00000005f4000000, 0x00000005f6000000|  0%| F|  |TAMS 0x00000005f4000000, 0x00000005f4000000| Untracked 
| 123|0x00000005f6000000, 0x00000005f6000000, 0x00000005f8000000|  0%| F|  |TAMS 0x00000005f6000000, 0x00000005f6000000| Untracked 
| 124|0x00000005f8000000, 0x00000005f8000000, 0x00000005fa000000|  0%| F|  |TAMS 0x00000005f8000000, 0x00000005f8000000| Untracked 
| 125|0x00000005fa000000, 0x00000005fa000000, 0x00000005fc000000|  0%| F|  |TAMS 0x00000005fa000000, 0x00000005fa000000| Untracked 
| 126|0x00000005fc000000, 0x00000005fc000000, 0x00000005fe000000|  0%| F|  |TAMS 0x00000005fc000000, 0x00000005fc000000| Untracked 
| 127|0x00000005fe000000, 0x00000005fe000000, 0x0000000600000000|  0%| F|  |TAMS 0x00000005fe000000, 0x00000005fe000000| Untracked 
| 128|0x0000000600000000, 0x0000000600000000, 0x0000000602000000|  0%| F|  |TAMS 0x0000000600000000, 0x0000000600000000| Untracked 
| 129|0x0000000602000000, 0x0000000602000000, 0x0000000604000000|  0%| F|  |TAMS 0x0000000602000000, 0x0000000602000000| Untracked 
| 130|0x0000000604000000, 0x0000000604000000, 0x0000000606000000|  0%| F|  |TAMS 0x0000000604000000, 0x0000000604000000| Untracked 
| 131|0x0000000606000000, 0x0000000606000000, 0x0000000608000000|  0%| F|  |TAMS 0x0000000606000000, 0x0000000606000000| Untracked 
| 132|0x0000000608000000, 0x0000000608000000, 0x000000060a000000|  0%| F|  |TAMS 0x0000000608000000, 0x0000000608000000| Untracked 
| 133|0x000000060a000000, 0x000000060a000000, 0x000000060c000000|  0%| F|  |TAMS 0x000000060a000000, 0x000000060a000000| Untracked 
| 134|0x000000060c000000, 0x000000060c000000, 0x000000060e000000|  0%| F|  |TAMS 0x000000060c000000, 0x000000060c000000| Untracked 
| 135|0x000000060e000000, 0x000000060e000000, 0x0000000610000000|  0%| F|  |TAMS 0x000000060e000000, 0x000000060e000000| Untracked 
| 136|0x0000000610000000, 0x0000000610000000, 0x0000000612000000|  0%| F|  |TAMS 0x0000000610000000, 0x0000000610000000| Untracked 
| 137|0x0000000612000000, 0x0000000612000000, 0x0000000614000000|  0%| F|  |TAMS 0x0000000612000000, 0x0000000612000000| Untracked 
| 138|0x0000000614000000, 0x0000000614000000, 0x0000000616000000|  0%| F|  |TAMS 0x0000000614000000, 0x0000000614000000| Untracked 
| 139|0x0000000616000000, 0x0000000616000000, 0x0000000618000000|  0%| F|  |TAMS 0x0000000616000000, 0x0000000616000000| Untracked 
| 140|0x0000000618000000, 0x0000000618000000, 0x000000061a000000|  0%| F|  |TAMS 0x0000000618000000, 0x0000000618000000| Untracked 
| 141|0x000000061a000000, 0x000000061a000000, 0x000000061c000000|  0%| F|  |TAMS 0x000000061a000000, 0x000000061a000000| Untracked 
| 142|0x000000061c000000, 0x000000061c000000, 0x000000061e000000|  0%| F|  |TAMS 0x000000061c000000, 0x000000061c000000| Untracked 
| 143|0x000000061e000000, 0x000000061e000000, 0x0000000620000000|  0%| F|  |TAMS 0x000000061e000000, 0x000000061e000000| Untracked 
| 144|0x0000000620000000, 0x0000000620000000, 0x0000000622000000|  0%| F|  |TAMS 0x0000000620000000, 0x0000000620000000| Untracked 
| 145|0x0000000622000000, 0x0000000622000000, 0x0000000624000000|  0%| F|  |TAMS 0x0000000622000000, 0x0000000622000000| Untracked 
| 146|0x0000000624000000, 0x0000000624000000, 0x0000000626000000|  0%| F|  |TAMS 0x0000000624000000, 0x0000000624000000| Untracked 
| 147|0x0000000626000000, 0x0000000626000000, 0x0000000628000000|  0%| F|  |TAMS 0x0000000626000000, 0x0000000626000000| Untracked 
| 148|0x0000000628000000, 0x0000000628000000, 0x000000062a000000|  0%| F|  |TAMS 0x0000000628000000, 0x0000000628000000| Untracked 
| 149|0x000000062a000000, 0x000000062a000000, 0x000000062c000000|  0%| F|  |TAMS 0x000000062a000000, 0x000000062a000000| Untracked 
| 150|0x000000062c000000, 0x000000062c000000, 0x000000062e000000|  0%| F|  |TAMS 0x000000062c000000, 0x000000062c000000| Untracked 
| 151|0x000000062e000000, 0x000000062e000000, 0x0000000630000000|  0%| F|  |TAMS 0x000000062e000000, 0x000000062e000000| Untracked 
| 152|0x0000000630000000, 0x0000000630000000, 0x0000000632000000|  0%| F|  |TAMS 0x0000000630000000, 0x0000000630000000| Untracked 
| 153|0x0000000632000000, 0x0000000632000000, 0x0000000634000000|  0%| F|  |TAMS 0x0000000632000000, 0x0000000632000000| Untracked 
| 154|0x0000000634000000, 0x0000000634000000, 0x0000000636000000|  0%| F|  |TAMS 0x0000000634000000, 0x0000000634000000| Untracked 
| 155|0x0000000636000000, 0x0000000636000000, 0x0000000638000000|  0%| F|  |TAMS 0x0000000636000000, 0x0000000636000000| Untracked 
| 156|0x0000000638000000, 0x0000000638000000, 0x000000063a000000|  0%| F|  |TAMS 0x0000000638000000, 0x0000000638000000| Untracked 
| 157|0x000000063a000000, 0x000000063a000000, 0x000000063c000000|  0%| F|  |TAMS 0x000000063a000000, 0x000000063a000000| Untracked 
| 158|0x000000063c000000, 0x000000063c000000, 0x000000063e000000|  0%| F|  |TAMS 0x000000063c000000, 0x000000063c000000| Untracked 
| 159|0x000000063e000000, 0x000000063e000000, 0x0000000640000000|  0%| F|  |TAMS 0x000000063e000000, 0x000000063e000000| Untracked 
| 160|0x0000000640000000, 0x0000000640000000, 0x0000000642000000|  0%| F|  |TAMS 0x0000000640000000, 0x0000000640000000| Untracked 
| 161|0x0000000642000000, 0x0000000642000000, 0x0000000644000000|  0%| F|  |TAMS 0x0000000642000000, 0x0000000642000000| Untracked 
| 162|0x0000000644000000, 0x0000000644000000, 0x0000000646000000|  0%| F|  |TAMS 0x0000000644000000, 0x0000000644000000| Untracked 
| 163|0x0000000646000000, 0x0000000646000000, 0x0000000648000000|  0%| F|  |TAMS 0x0000000646000000, 0x0000000646000000| Untracked 
| 164|0x0000000648000000, 0x0000000648000000, 0x000000064a000000|  0%| F|  |TAMS 0x0000000648000000, 0x0000000648000000| Untracked 
| 165|0x000000064a000000, 0x000000064a000000, 0x000000064c000000|  0%| F|  |TAMS 0x000000064a000000, 0x000000064a000000| Untracked 
| 166|0x000000064c000000, 0x000000064c000000, 0x000000064e000000|  0%| F|  |TAMS 0x000000064c000000, 0x000000064c000000| Untracked 
| 167|0x000000064e000000, 0x000000064e000000, 0x0000000650000000|  0%| F|  |TAMS 0x000000064e000000, 0x000000064e000000| Untracked 
| 168|0x0000000650000000, 0x0000000650000000, 0x0000000652000000|  0%| F|  |TAMS 0x0000000650000000, 0x0000000650000000| Untracked 
| 169|0x0000000652000000, 0x0000000652000000, 0x0000000654000000|  0%| F|  |TAMS 0x0000000652000000, 0x0000000652000000| Untracked 
| 170|0x0000000654000000, 0x0000000654000000, 0x0000000656000000|  0%| F|  |TAMS 0x0000000654000000, 0x0000000654000000| Untracked 
| 175|0x000000065e000000, 0x000000065e000000, 0x0000000660000000|  0%| F|  |TAMS 0x000000065e000000, 0x000000065e000000| Untracked 
| 176|0x0000000660000000, 0x0000000660000000, 0x0000000662000000|  0%| F|  |TAMS 0x0000000660000000, 0x0000000660000000| Untracked 

Card table byte_map: [0x000002b77bc40000,0x000002b77d440000] _byte_map_base: 0x000002b779440000

Marking Bits (Prev, Next): (CMBitMap*) 0x000002b775f2c700, (CMBitMap*) 0x000002b775f2c6c0
 Prev Bits: [0x000002b71b000000, 0x000002b727000000)
 Next Bits: [0x000002b70f000000, 0x000002b71b000000)

Polling page: 0x000002b773cd0000

Metaspace:

Usage:
  Non-class:    245.88 MB used.
      Class:     42.64 MB used.
       Both:    288.52 MB used.

Virtual space:
  Non-class space:      256.00 MB reserved,     247.31 MB ( 97%) committed,  4 nodes.
      Class space:        1.00 GB reserved,      43.75 MB (  4%) committed,  1 nodes.
             Both:        1.25 GB reserved,     291.06 MB ( 23%) committed. 

Chunk freelists:
   Non-Class:  7.79 MB
       Class:  4.17 MB
        Both:  11.96 MB

MaxMetaspaceSize: unlimited
CompressedClassSpaceSize: 1.00 GB
Initial GC threshold: 21.00 MB
Current GC threshold: 485.12 MB
CDS: off
MetaspaceReclaimPolicy: balanced
 - commit_granule_bytes: 65536.
 - commit_granule_words: 8192.
 - virtual_space_node_default_size: 8388608.
 - enlarge_chunks_in_place: 1.
 - new_chunks_are_fully_committed: 0.
 - uncommit_free_chunks: 1.
 - use_allocation_guard: 0.
 - handle_deallocations: 1.


Internal statistics:

num_allocs_failed_limit: 58.
num_arena_births: 4232.
num_arena_deaths: 424.
num_vsnodes_births: 5.
num_vsnodes_deaths: 0.
num_space_committed: 4650.
num_space_uncommitted: 0.
num_chunks_returned_to_freelist: 673.
num_chunks_taken_from_freelist: 16124.
num_chunk_merges: 264.
num_chunk_splits: 11020.
num_chunks_enlarged: 8319.
num_inconsistent_stats: 0.

CodeHeap 'non-profiled nmethods': size=119168Kb used=63773Kb max_used=64484Kb free=55394Kb
 bounds [0x000002b707ba0000, 0x000002b70baa0000, 0x000002b70f000000]
CodeHeap 'profiled nmethods': size=119104Kb used=84019Kb max_used=84157Kb free=35085Kb
 bounds [0x000002b700000000, 0x000002b705240000, 0x000002b707450000]
CodeHeap 'non-nmethods': size=7488Kb used=5094Kb max_used=5218Kb free=2393Kb
 bounds [0x000002b707450000, 0x000002b707970000, 0x000002b707ba0000]
 total_blobs=51104 nmethods=47823 adapters=3182
 compilation: enabled
              stopped_count=0, restarted_count=0
 full_count=0

Compilation events (20 events):
Event: 411.900 Thread 0x000002b8ad5e8520 73246       3       net.irisshaders.iris.uniforms.custom.cached.CachedUniform$$Lambda$22681/0x0000000802b00ad0::getAsFloat (16 bytes)
Event: 411.903 Thread 0x000002b8ad5e4ab0 nmethod 73245 0x000002b704ed0410 code [0x000002b704ed05a0, 0x000002b704ed06f8]
Event: 411.903 Thread 0x000002b8d4f13de0 nmethod 73243 0x000002b703dbc390 code [0x000002b703dbc540, 0x000002b703dbc858]
Event: 411.904 Thread 0x000002b8ad5e8520 nmethod 73246 0x000002b7042aef10 code [0x000002b7042af0c0, 0x000002b7042af328]
Event: 411.912 Thread 0x000002b8ad5e8520 73248       2       java.util.PriorityQueue::removeAt (83 bytes)
Event: 411.913 Thread 0x000002b8ad5e4ab0 73249       3       org.joml.MemUtil$MemUtilUnsafe::get (40 bytes)
Event: 411.913 Thread 0x000002b7292f4d60 73250       3       org.joml.MemUtil$MemUtilNIO::copy (85 bytes)
Event: 411.915 Thread 0x000002b8ad5e4ab0 nmethod 73249 0x000002b70283f810 code [0x000002b70283f9c0, 0x000002b70283fbe8]
Event: 411.915 Thread 0x000002b8ad5e8520 nmethod 73248 0x000002b703f5c710 code [0x000002b703f5c8e0, 0x000002b703f5cc28]
Event: 411.916 Thread 0x000002b7292f4d60 nmethod 73250 0x000002b7043ba690 code [0x000002b7043ba840, 0x000002b7043babb8]
Event: 411.927 Thread 0x000002b8d4f13de0 73252       3       net.minecraft.class_1408::handler$ebi000$lithium$updateListeningState2 (58 bytes)
Event: 411.928 Thread 0x000002b8d4f13de0 nmethod 73252 0x000002b703ba2e10 code [0x000002b703ba3020, 0x000002b703ba3978]
Event: 411.932 Thread 0x000002b8d4f13de0 73253       3       java.util.PriorityQueue::indexOf (43 bytes)
Event: 411.933 Thread 0x000002b8ad5e4ab0 73254       2       net.minecraft.class_3103::method_13151 (850 bytes)
Event: 411.936 Thread 0x000002b8d4f13de0 nmethod 73253 0x000002b702381c10 code [0x000002b702381de0, 0x000002b702382148]
Event: 411.970 Thread 0x000002b8ad5e4ab0 nmethod 73254 0x000002b7020c8490 code [0x000002b7020c8960, 0x000002b7020ca678]
Event: 412.005 Thread 0x000002b8ad5e8520 73258       2       net.minecraft.class_1408::method_6340 (11 bytes)
Event: 412.008 Thread 0x000002b7292f4d60 73259       3       com.github.alexthe666.citadel.client.model.ModelAnimator::resetKeyframe (10 bytes)
Event: 412.015 Thread 0x000002b8ad5e8520 nmethod 73258 0x000002b704df8010 code [0x000002b704df81c0, 0x000002b704df8408]
Event: 412.017 Thread 0x000002b7292f4d60 nmethod 73259 0x000002b70326db10 code [0x000002b70326dcc0, 0x000002b70326df28]

GC Heap History (20 events):
Event: 410.606 GC heap after
{Heap after GC invocations=213 (full 1):
 garbage-first heap   total 4325376K, used 2525824K [0x0000000500000000, 0x0000000800000000)
  region size 32768K, 3 young (98304K), 3 survivors (98304K)
 Metaspace       used 295417K, committed 298048K, reserved 1310720K
  class space    used 43661K, committed 44800K, reserved 1048576K
}
Event: 411.044 GC heap before
{Heap before GC invocations=213 (full 1):
 garbage-first heap   total 4325376K, used 3279488K [0x0000000500000000, 0x0000000800000000)
  region size 32768K, 26 young (851968K), 3 survivors (98304K)
 Metaspace       used 295435K, committed 298048K, reserved 1310720K
  class space    used 43663K, committed 44800K, reserved 1048576K
}
Event: 411.058 GC heap after
{Heap after GC invocations=214 (full 1):
 garbage-first heap   total 4325376K, used 2534975K [0x0000000500000000, 0x0000000800000000)
  region size 32768K, 1 young (32768K), 1 survivors (32768K)
 Metaspace       used 295435K, committed 298048K, reserved 1310720K
  class space    used 43663K, committed 44800K, reserved 1048576K
}
Event: 411.228 GC heap before
{Heap before GC invocations=214 (full 1):
 garbage-first heap   total 4325376K, used 3354175K [0x0000000500000000, 0x0000000800000000)
  region size 32768K, 26 young (851968K), 1 survivors (32768K)
 Metaspace       used 295421K, committed 298048K, reserved 1310720K
  class space    used 43661K, committed 44800K, reserved 1048576K
}
Event: 411.232 GC heap after
{Heap after GC invocations=215 (full 1):
 garbage-first heap   total 4325376K, used 2531358K [0x0000000500000000, 0x0000000800000000)
  region size 32768K, 1 young (32768K), 1 survivors (32768K)
 Metaspace       used 295421K, committed 298048K, reserved 1310720K
  class space    used 43661K, committed 44800K, reserved 1048576K
}
Event: 411.306 GC heap before
{Heap before GC invocations=215 (full 1):
 garbage-first heap   total 4325376K, used 3350558K [0x0000000500000000, 0x0000000800000000)
  region size 32768K, 26 young (851968K), 1 survivors (32768K)
 Metaspace       used 295422K, committed 298048K, reserved 1310720K
  class space    used 43661K, committed 44800K, reserved 1048576K
}
Event: 411.310 GC heap after
{Heap after GC invocations=216 (full 1):
 garbage-first heap   total 4325376K, used 2534205K [0x0000000500000000, 0x0000000800000000)
  region size 32768K, 1 young (32768K), 1 survivors (32768K)
 Metaspace       used 295422K, committed 298048K, reserved 1310720K
  class space    used 43661K, committed 44800K, reserved 1048576K
}
Event: 411.382 GC heap before
{Heap before GC invocations=216 (full 1):
 garbage-first heap   total 4325376K, used 3320637K [0x0000000500000000, 0x0000000800000000)
  region size 32768K, 26 young (851968K), 1 survivors (32768K)
 Metaspace       used 295424K, committed 298048K, reserved 1310720K
  class space    used 43662K, committed 44800K, reserved 1048576K
}
Event: 411.386 GC heap after
{Heap after GC invocations=217 (full 1):
 garbage-first heap   total 4325376K, used 2532343K [0x0000000500000000, 0x0000000800000000)
  region size 32768K, 1 young (32768K), 1 survivors (32768K)
 Metaspace       used 295424K, committed 298048K, reserved 1310720K
  class space    used 43662K, committed 44800K, reserved 1048576K
}
Event: 411.459 GC heap before
{Heap before GC invocations=217 (full 1):
 garbage-first heap   total 4325376K, used 3351543K [0x0000000500000000, 0x0000000800000000)
  region size 32768K, 26 young (851968K), 1 survivors (32768K)
 Metaspace       used 295432K, committed 298048K, reserved 1310720K
  class space    used 43662K, committed 44800K, reserved 1048576K
}
Event: 411.463 GC heap after
{Heap after GC invocations=218 (full 1):
 garbage-first heap   total 4325376K, used 2535014K [0x0000000500000000, 0x0000000800000000)
  region size 32768K, 1 young (32768K), 1 survivors (32768K)
 Metaspace       used 295432K, committed 298048K, reserved 1310720K
  class space    used 43662K, committed 44800K, reserved 1048576K
}
Event: 411.544 GC heap before
{Heap before GC invocations=219 (full 1):
 garbage-first heap   total 4325376K, used 3354214K [0x0000000500000000, 0x0000000800000000)
  region size 32768K, 26 young (851968K), 1 survivors (32768K)
 Metaspace       used 295434K, committed 298048K, reserved 1310720K
  class space    used 43662K, committed 44800K, reserved 1048576K
}
Event: 411.550 GC heap after
{Heap after GC invocations=220 (full 1):
 garbage-first heap   total 4325376K, used 2534031K [0x0000000500000000, 0x0000000800000000)
  region size 32768K, 1 young (32768K), 1 survivors (32768K)
 Metaspace       used 295434K, committed 298048K, reserved 1310720K
  class space    used 43662K, committed 44800K, reserved 1048576K
}
Event: 411.618 GC heap before
{Heap before GC invocations=220 (full 1):
 garbage-first heap   total 4325376K, used 3353231K [0x0000000500000000, 0x0000000800000000)
  region size 32768K, 26 young (851968K), 1 survivors (32768K)
 Metaspace       used 295434K, committed 298048K, reserved 1310720K
  class space    used 43662K, committed 44800K, reserved 1048576K
}
Event: 411.778 GC heap after
{Heap after GC invocations=221 (full 1):
 garbage-first heap   total 4325376K, used 2321140K [0x0000000500000000, 0x0000000800000000)
  region size 32768K, 1 young (32768K), 1 survivors (32768K)
 Metaspace       used 295434K, committed 298048K, reserved 1310720K
  class space    used 43662K, committed 44800K, reserved 1048576K
}
Event: 411.851 GC heap before
{Heap before GC invocations=221 (full 1):
 garbage-first heap   total 4325376K, used 3140340K [0x0000000500000000, 0x0000000800000000)
  region size 32768K, 26 young (851968K), 1 survivors (32768K)
 Metaspace       used 295437K, committed 298048K, reserved 1310720K
  class space    used 43663K, committed 44800K, reserved 1048576K
}
Event: 411.870 GC heap after
{Heap after GC invocations=222 (full 1):
 garbage-first heap   total 4325376K, used 2289419K [0x0000000500000000, 0x0000000800000000)
  region size 32768K, 1 young (32768K), 1 survivors (32768K)
 Metaspace       used 295437K, committed 298048K, reserved 1310720K
  class space    used 43663K, committed 44800K, reserved 1048576K
}
Event: 411.937 GC heap before
{Heap before GC invocations=222 (full 1):
 garbage-first heap   total 4325376K, used 3108619K [0x0000000500000000, 0x0000000800000000)
  region size 32768K, 26 young (851968K), 1 survivors (32768K)
 Metaspace       used 295437K, committed 298048K, reserved 1310720K
  class space    used 43663K, committed 44800K, reserved 1048576K
}
Event: 411.955 GC heap after
{Heap after GC invocations=223 (full 1):
 garbage-first heap   total 4325376K, used 2250368K [0x0000000500000000, 0x0000000800000000)
  region size 32768K, 1 young (32768K), 1 survivors (32768K)
 Metaspace       used 295437K, committed 298048K, reserved 1310720K
  class space    used 43663K, committed 44800K, reserved 1048576K
}
Event: 412.023 GC heap before
{Heap before GC invocations=223 (full 1):
 garbage-first heap   total 4325376K, used 3069568K [0x0000000500000000, 0x0000000800000000)
  region size 32768K, 26 young (851968K), 1 survivors (32768K)
 Metaspace       used 295440K, committed 298048K, reserved 1310720K
  class space    used 43663K, committed 44800K, reserved 1048576K
}

Dll operation events (20 events):
Event: 0.068 Loaded shared library C:\Users\Admin\AppData\Roaming\.minecraft\runtime\java-runtime-beta\bin\net.dll
Event: 0.069 Loaded shared library C:\Users\Admin\AppData\Roaming\.minecraft\runtime\java-runtime-beta\bin\nio.dll
Event: 0.073 Loaded shared library C:\Users\Admin\AppData\Roaming\.minecraft\runtime\java-runtime-beta\bin\zip.dll
Event: 0.147 Loaded shared library C:\Users\Admin\AppData\Roaming\.minecraft\runtime\java-runtime-beta\bin\jimage.dll
Event: 0.642 Loaded shared library C:\Users\Admin\AppData\Roaming\.minecraft\runtime\java-runtime-beta\bin\management.dll
Event: 0.643 Loaded shared library C:\Users\Admin\AppData\Roaming\.minecraft\runtime\java-runtime-beta\bin\management_ext.dll
Event: 0.915 Loaded shared library C:\Users\Admin\AppData\Roaming\.minecraft\runtime\java-runtime-beta\bin\verify.dll
Event: 4.021 Loaded shared library C:\Users\Admin\AppData\Roaming\.minecraft\runtime\java-runtime-beta\bin\sunmscapi.dll
Event: 4.193 Loaded shared library C:\Users\Admin\AppData\Roaming\.minecraft\runtime\java-runtime-beta\bin\extnet.dll
Event: 5.221 Loaded shared library C:\Users\Admin\Desktop\.minecraft\versions\1.20.1-Fabric 0.19.5-OptiFine_I6\1.20.1-Fabric 0.19.5-OptiFine_I6-natives\lwjgl.dll
Event: 5.948 Loaded shared library C:\Users\Admin\Desktop\.minecraft\versions\1.20.1-Fabric 0.19.5-OptiFine_I6\1.20.1-Fabric 0.19.5-OptiFine_I6-natives\jna6817343024022822581.dll
Event: 13.033 Loaded shared library C:\Users\Admin\AppData\Roaming\.minecraft\runtime\java-runtime-beta\bin\awt.dll
Event: 13.341 Loaded shared library C:\Users\Admin\Desktop\.minecraft\versions\1.20.1-Fabric 0.19.5-OptiFine_I6\1.20.1-Fabric 0.19.5-OptiFine_I6-natives\lwjgl_stb.dll
Event: 17.827 Loaded shared library C:\Users\Admin\AppData\Local\Temp\libzstd-jni_dh-1.5.7-616788826884933074252.dll
Event: 17.920 Loaded shared library C:\Users\Admin\AppData\Local\Temp\sqlite-3.47.2.0-f529cb9e-584c-4444-952b-56d19eb37399-sqlitejdbc.dll
Event: 18.562 Loaded shared library C:\Users\Admin\AppData\Local\Temp\libopus4j-9783d0e001158567d1e08f6bb3b2c5b5\libopus4j.dll
Event: 18.568 Loaded shared library C:\Users\Admin\AppData\Local\Temp\librnnoise4j-40cc1fdd40ca1100a850ddee14466799\librnnoise4j.dll
Event: 18.577 Loaded shared library C:\Users\Admin\AppData\Local\Temp\libspeex4j-e39751f08962f3611e66c90baf107894\libspeex4j.dll
Event: 18.584 Loaded shared library C:\Users\Admin\AppData\Local\Temp\liblame4j-290c3436fe9f7c2b8e165ddcb5ad66ce\liblame4j.dll
Event: 19.988 Loaded shared library C:\Users\Admin\Desktop\.minecraft\versions\1.20.1-Fabric 0.19.5-OptiFine_I6\1.20.1-Fabric 0.19.5-OptiFine_I6-natives\lwjgl_opengl.dll

Deoptimization events (20 events):
Event: 411.825 Thread 0x000002b8d407d3a0 DEOPT PACKING pc=0x000002b705229ea9 sp=0x000000f4734fdeb0
Event: 411.825 Thread 0x000002b8d407d3a0 DEOPT UNPACKING pc=0x000002b7074a7143 sp=0x000000f4734fd388 mode 0
Event: 411.836 Thread 0x000002b73cdb8920 DEOPT PACKING pc=0x000002b7051aaa8c sp=0x000000f4679ff480
Event: 411.836 Thread 0x000002b73cdb8920 DEOPT UNPACKING pc=0x000002b7074a7143 sp=0x000000f4679fe980 mode 0
Event: 411.894 Thread 0x000002b73cdb8920 DEOPT PACKING pc=0x000002b7051aaa8c sp=0x000000f4679ff480
Event: 411.894 Thread 0x000002b73cdb8920 DEOPT UNPACKING pc=0x000002b7074a7143 sp=0x000000f4679fe980 mode 0
Event: 411.907 Thread 0x000002b73cdb8920 DEOPT PACKING pc=0x000002b7051aa9fe sp=0x000000f4679ff480
Event: 411.907 Thread 0x000002b73cdb8920 DEOPT UNPACKING pc=0x000002b7074a7143 sp=0x000000f4679fe980 mode 0
Event: 411.920 Thread 0x000002b7360851a0 Uncommon trap: trap_request=0xffffff66 fr.pc=0x000002b70af71738 relative=0x00000000000047f8
Event: 411.921 Thread 0x000002b7360851a0 Uncommon trap: reason=speculate_class_check action=maybe_recompile pc=0x000002b70af71738 method=net.minecraft.class_4538.method_22347(Lnet/minecraft/class_2338;)Z @ 2 c2
Event: 411.922 Thread 0x000002b7360851a0 DEOPT PACKING pc=0x000002b70af71738 sp=0x000000f473afde10
Event: 411.922 Thread 0x000002b7360851a0 DEOPT UNPACKING pc=0x000002b7074a69a3 sp=0x000000f473afdd58 mode 2
Event: 411.932 Thread 0x000002b8d4074af0 DEOPT PACKING pc=0x000002b703b274c8 sp=0x000000f4700feea0
Event: 411.932 Thread 0x000002b8d4074af0 DEOPT UNPACKING pc=0x000002b7074a7143 sp=0x000000f4700fe330 mode 0
Event: 411.969 Thread 0x000002b73cdb8920 DEOPT PACKING pc=0x000002b7051aa9fe sp=0x000000f4679ff480
Event: 411.969 Thread 0x000002b73cdb8920 DEOPT UNPACKING pc=0x000002b7074a7143 sp=0x000000f4679fe980 mode 0
Event: 411.975 Thread 0x000002b8d681b330 DEOPT PACKING pc=0x000002b70214d9e8 sp=0x000000f4693ff0b0
Event: 411.975 Thread 0x000002b8d681b330 DEOPT UNPACKING pc=0x000002b7074a7143 sp=0x000000f4693fe6a0 mode 0
Event: 411.977 Thread 0x000002b7294847c0 DEOPT PACKING pc=0x000002b7020ca039 sp=0x000000f4731fddc0
Event: 411.977 Thread 0x000002b7294847c0 DEOPT UNPACKING pc=0x000002b7074a7143 sp=0x000000f4731fd2f0 mode 0

Classes loaded (20 events):
Event: 255.075 Loading class javax/naming/ServiceUnavailableException
Event: 255.075 Loading class javax/naming/ServiceUnavailableException done
Event: 255.080 Loading class sun/net/PortConfig
Event: 255.080 Loading class sun/net/PortConfig done
Event: 255.099 Loading class javax/naming/directory/BasicAttributes
Event: 255.099 Loading class javax/naming/directory/BasicAttributes done
Event: 255.100 Loading class javax/naming/directory/BasicAttribute
Event: 255.100 Loading class javax/naming/directory/BasicAttribute done
Event: 259.869 Loading class sun/nio/ch/MembershipKeyImpl$Type6
Event: 259.869 Loading class sun/nio/ch/MembershipKeyImpl$Type6 done
Event: 259.869 Loading class sun/nio/ch/MembershipRegistry$ThrowingConsumer
Event: 259.869 Loading class sun/nio/ch/MembershipRegistry$ThrowingConsumer done
Event: 272.826 Loading class java/lang/CharacterDataUndefined
Event: 272.826 Loading class java/lang/CharacterDataUndefined done
Event: 272.879 Loading class java/util/EmptyStackException
Event: 272.880 Loading class java/util/EmptyStackException done
Event: 272.907 Loading class java/util/Collections$EmptyListIterator
Event: 272.908 Loading class java/util/Collections$EmptyListIterator done
Event: 389.444 Loading class java/util/ArrayList$SubList$2
Event: 389.444 Loading class java/util/ArrayList$SubList$2 done

Classes unloaded (20 events):
Event: 341.370 Thread 0x000002b7292763c0 Unloading class 0x0000000802202000 'traben/asm_generated/EMF_ASM_Parsed_17'
Event: 341.370 Thread 0x000002b7292763c0 Unloading class 0x0000000802201c00 'traben/asm_generated/EMF_ASM_Parsed_16'
Event: 341.370 Thread 0x000002b7292763c0 Unloading class 0x0000000802201000 'traben/asm_generated/EMF_ASM_Parsed_15'
Event: 341.370 Thread 0x000002b7292763c0 Unloading class 0x0000000802200400 'traben/asm_generated/EMF_ASM_Parsed_14'
Event: 341.370 Thread 0x000002b7292763c0 Unloading class 0x0000000802200800 'traben/asm_generated/EMF_ASM_Parsed_13'
Event: 341.370 Thread 0x000002b7292763c0 Unloading class 0x00000008021fb800 'traben/asm_generated/EMF_ASM_Parsed_12'
Event: 341.370 Thread 0x000002b7292763c0 Unloading class 0x00000008021fb000 'traben/asm_generated/EMF_ASM_Parsed_11'
Event: 341.370 Thread 0x000002b7292763c0 Unloading class 0x00000008021fa800 'traben/asm_generated/EMF_ASM_Parsed_10'
Event: 341.370 Thread 0x000002b7292763c0 Unloading class 0x00000008021f9800 'traben/asm_generated/EMF_ASM_Parsed_9'
Event: 341.370 Thread 0x000002b7292763c0 Unloading class 0x00000008021f9000 'traben/asm_generated/EMF_ASM_Parsed_8'
Event: 341.370 Thread 0x000002b7292763c0 Unloading class 0x00000008021f8800 'traben/asm_generated/EMF_ASM_Parsed_7'
Event: 341.370 Thread 0x000002b7292763c0 Unloading class 0x00000008021f3800 'traben/asm_generated/EMF_ASM_Parsed_6'
Event: 341.370 Thread 0x000002b7292763c0 Unloading class 0x00000008021f3000 'traben/asm_generated/EMF_ASM_Parsed_5'
Event: 341.370 Thread 0x000002b7292763c0 Unloading class 0x00000008021f2800 'traben/asm_generated/EMF_ASM_Parsed_4'
Event: 341.370 Thread 0x000002b7292763c0 Unloading class 0x00000008021f1800 'traben/asm_generated/EMF_ASM_Parsed_3'
Event: 341.370 Thread 0x000002b7292763c0 Unloading class 0x00000008021b9800 'traben/asm_generated/EMF_ASM_Parsed_2'
Event: 341.370 Thread 0x000002b7292763c0 Unloading class 0x00000008021b8800 'traben/asm_generated/EMF_ASM_Parsed_1'
Event: 411.072 Thread 0x000002b7292763c0 Unloading class 0x00000008029c9800 'java/lang/invoke/LambdaForm$DMH+0x00000008029c9800'
Event: 411.072 Thread 0x000002b7292763c0 Unloading class 0x000000080222c800 'traben/asm_generated/EMF_ASM_Parsed_78'
Event: 411.072 Thread 0x000002b7292763c0 Unloading class 0x000000080221b800 'traben/asm_generated/EMF_ASM_Parsed_52'

Classes redefined (0 events):
No events

Internal exceptions (20 events):
Event: 411.898 Thread 0x000002b73e612c90 Exception <a 'sun/nio/fs/WindowsException'{0x00000005f56b6238}> (0x00000005f56b6238) 
thrown [s\src\hotspot\share\prims\jni.cpp, line 516]
Event: 411.902 Thread 0x000002b736080ac0 Exception <a 'sun/nio/fs/WindowsException'{0x00000005f3e35ee0}> (0x00000005f3e35ee0) 
thrown [s\src\hotspot\share\prims\jni.cpp, line 516]
Event: 411.906 Thread 0x000002b73e612c90 Exception <a 'sun/nio/fs/WindowsException'{0x00000005eedff3f8}> (0x00000005eedff3f8) 
thrown [s\src\hotspot\share\prims\jni.cpp, line 516]
Event: 411.910 Thread 0x000002b736080ac0 Exception <a 'sun/nio/fs/WindowsException'{0x00000005eb5575f8}> (0x00000005eb5575f8) 
thrown [s\src\hotspot\share\prims\jni.cpp, line 516]
Event: 411.921 Thread 0x000002b73e612c90 Exception <a 'sun/nio/fs/WindowsException'{0x00000005e336e170}> (0x00000005e336e170) 
thrown [s\src\hotspot\share\prims\jni.cpp, line 516]
Event: 411.926 Thread 0x000002b73e612c90 Exception <a 'sun/nio/fs/WindowsException'{0x00000005e1b42b90}> (0x00000005e1b42b90) 
thrown [s\src\hotspot\share\prims\jni.cpp, line 516]
Event: 411.935 Thread 0x000002b736080ac0 Exception <a 'sun/nio/fs/WindowsException'{0x00000005dc66cd28}> (0x00000005dc66cd28) 
thrown [s\src\hotspot\share\prims\jni.cpp, line 516]
Event: 411.959 Thread 0x000002b73e612c90 Exception <a 'sun/nio/fs/WindowsException'{0x0000000660a36be8}> (0x0000000660a36be8) 
thrown [s\src\hotspot\share\prims\jni.cpp, line 516]
Event: 411.967 Thread 0x000002b736080ac0 Exception <a 'sun/nio/fs/WindowsException'{0x0000000655096878}> (0x0000000655096878) 
thrown [s\src\hotspot\share\prims\jni.cpp, line 516]
Event: 411.971 Thread 0x000002b73e612c90 Exception <a 'sun/nio/fs/WindowsException'{0x0000000651fc24c8}> (0x0000000651fc24c8) 
thrown [s\src\hotspot\share\prims\jni.cpp, line 516]
Event: 411.974 Thread 0x000002b736080ac0 Exception <a 'sun/nio/fs/WindowsException'{0x000000064c2fc960}> (0x000000064c2fc960) 
thrown [s\src\hotspot\share\prims\jni.cpp, line 516]
Event: 411.978 Thread 0x000002b73e612c90 Exception <a 'sun/nio/fs/WindowsException'{0x000000064a57d930}> (0x000000064a57d930) 
thrown [s\src\hotspot\share\prims\jni.cpp, line 516]
Event: 411.982 Thread 0x000002b736080ac0 Exception <a 'sun/nio/fs/WindowsException'{0x00000005f47f24d0}> (0x00000005f47f24d0) 
thrown [s\src\hotspot\share\prims\jni.cpp, line 516]
Event: 411.987 Thread 0x000002b73e612c90 Exception <a 'sun/nio/fs/WindowsException'{0x00000005f2ead040}> (0x00000005f2ead040) 
thrown [s\src\hotspot\share\prims\jni.cpp, line 516]
Event: 411.994 Thread 0x000002b736080ac0 Exception <a 'sun/nio/fs/WindowsException'{0x00000005ec4dc548}> (0x00000005ec4dc548) 
thrown [s\src\hotspot\share\prims\jni.cpp, line 516]
Event: 412.000 Thread 0x000002b736080ac0 Exception <a 'sun/nio/fs/WindowsException'{0x00000005ec4de598}> (0x00000005ec4de598) 
thrown [s\src\hotspot\share\prims\jni.cpp, line 516]
Event: 412.004 Thread 0x000002b736080ac0 Exception <a 'sun/nio/fs/WindowsException'{0x00000005e4886728}> (0x00000005e4886728) 
thrown [s\src\hotspot\share\prims\jni.cpp, line 516]
Event: 412.009 Thread 0x000002b73e612c90 Exception <a 'sun/nio/fs/WindowsException'{0x00000005e1d578f8}> (0x00000005e1d578f8) 
thrown [s\src\hotspot\share\prims\jni.cpp, line 516]
Event: 412.015 Thread 0x000002b736080ac0 Exception <a 'sun/nio/fs/WindowsException'{0x00000005dff69628}> (0x00000005dff69628) 
thrown [s\src\hotspot\share\prims\jni.cpp, line 516]
Event: 412.020 Thread 0x000002b73e612c90 Exception <a 'sun/nio/fs/WindowsException'{0x00000005d881ecd8}> (0x00000005d881ecd8) 
thrown [s\src\hotspot\share\prims\jni.cpp, line 516]

VM Operations (20 events):
Event: 411.232 Executing VM operation: G1CollectForAllocation done
Event: 411.305 Executing VM operation: G1CollectForAllocation
Event: 411.310 Executing VM operation: G1CollectForAllocation done
Event: 411.381 Executing VM operation: G1CollectForAllocation
Event: 411.386 Executing VM operation: G1CollectForAllocation done
Event: 411.459 Executing VM operation: G1CollectForAllocation
Event: 411.463 Executing VM operation: G1CollectForAllocation done
Event: 411.514 Executing VM operation: G1PauseCleanup
Event: 411.516 Executing VM operation: G1PauseCleanup done
Event: 411.543 Executing VM operation: G1CollectForAllocation
Event: 411.550 Executing VM operation: G1CollectForAllocation done
Event: 411.615 Executing VM operation: G1CollectForAllocation
Event: 411.778 Executing VM operation: G1CollectForAllocation done
Event: 411.851 Executing VM operation: G1CollectForAllocation
Event: 411.870 Executing VM operation: G1CollectForAllocation done
Event: 411.921 Executing VM operation: HandshakeAllThreads
Event: 411.923 Executing VM operation: HandshakeAllThreads done
Event: 411.937 Executing VM operation: G1CollectForAllocation
Event: 411.955 Executing VM operation: G1CollectForAllocation done
Event: 412.023 Executing VM operation: G1CollectForAllocation

Memory protections (0 events):
No events

Nmethod flushes (20 events):
Event: 411.605 Thread 0x000002b7292fd680 flushing  nmethod 0x000002b703d1fe90
Event: 411.609 Thread 0x000002b7292fd680 flushing  nmethod 0x000002b703dbc390
Event: 411.610 Thread 0x000002b7292fd680 flushing  nmethod 0x000002b703dd9790
Event: 411.610 Thread 0x000002b7292fd680 flushing  nmethod 0x000002b703de9110
Event: 411.782 Thread 0x000002b7292fd680 flushing  nmethod 0x000002b703f5c710
Event: 411.782 Thread 0x000002b7292fd680 flushing  nmethod 0x000002b703f6dd10
Event: 411.792 Thread 0x000002b7292fd680 flushing  nmethod 0x000002b7041b7610
Event: 411.797 Thread 0x000002b7292fd680 flushing  nmethod 0x000002b7042aef10
Event: 411.797 Thread 0x000002b7292fd680 flushing  nmethod 0x000002b7042dc490
Event: 411.800 Thread 0x000002b7292fd680 flushing  nmethod 0x000002b70437be10
Event: 411.800 Thread 0x000002b7292fd680 flushing  nmethod 0x000002b70437e010
Event: 411.801 Thread 0x000002b7292fd680 flushing  nmethod 0x000002b7043ba690
Event: 411.807 Thread 0x000002b7292fd680 flushing  nmethod 0x000002b70457d090
Event: 411.807 Thread 0x000002b7292fd680 flushing  nmethod 0x000002b70457d590
Event: 411.808 Thread 0x000002b7292fd680 flushing  nmethod 0x000002b70461a410
Event: 411.809 Thread 0x000002b7292fd680 flushing  nmethod 0x000002b704671890
Event: 411.811 Thread 0x000002b7292fd680 flushing  nmethod 0x000002b704705a10
Event: 411.816 Thread 0x000002b7292fd680 flushing  nmethod 0x000002b704814590
Event: 411.887 Thread 0x000002b7292fd680 flushing  nmethod 0x000002b704df8010
Event: 411.889 Thread 0x000002b7292fd680 flushing  nmethod 0x000002b704ed0410

Events (20 events):
Event: 407.643 Thread 0x000002b736084c90 Thread exited: 0x000002b736084c90
Event: 407.934 Thread 0x000002b775e899e0 Thread added: 0x000002b7360851a0
Event: 408.369 Thread 0x000002b7360851a0 Thread exited: 0x000002b7360851a0
Event: 408.509 Thread 0x000002b8d4081060 Thread exited: 0x000002b8d4081060
Event: 409.755 Thread 0x000002b775e899e0 Thread added: 0x000002b8b8ce3170
Event: 410.162 Thread 0x000002b8d407d3a0 Thread exited: 0x000002b8d407d3a0
Event: 410.177 Thread 0x000002b8b8ce3170 Thread exited: 0x000002b8b8ce3170
Event: 410.407 Thread 0x000002b73cdbac90 Thread added: 0x000002b8d680ca50
Event: 410.407 Thread 0x000002b73cdbac90 Thread added: 0x000002b8d681a910
Event: 410.408 Thread 0x000002b73cdbac90 Thread added: 0x000002b7294847c0
Event: 410.409 Thread 0x000002b73cdbac90 Thread added: 0x000002b729486110
Event: 410.409 Thread 0x000002b73cdbac90 Thread added: 0x000002b729486620
Event: 410.410 Thread 0x000002b73cdbac90 Thread added: 0x000002b8d407d3a0
Event: 410.410 Thread 0x000002b73cdbac90 Thread added: 0x000002b8d4081060
Event: 410.413 Thread 0x000002b73cdbac90 Thread added: 0x000002b731da5d00
Event: 410.415 Thread 0x000002b73cdbac90 Thread added: 0x000002b731da6720
Event: 410.415 Thread 0x000002b73cdbac90 Thread added: 0x000002b73c409080
Event: 410.416 Thread 0x000002b73cdbac90 Thread added: 0x000002b73c40d250
Event: 410.995 Thread 0x000002b822b1b190 Thread added: 0x000002b7360851a0
Event: 411.816 Thread 0x000002b775e899e0 Thread added: 0x000002b7311748e0


Dynamic libraries:
0x00007ff75aa10000 - 0x00007ff75aa1e000 	C:\Users\Admin\AppData\Roaming\.minecraft\runtime\java-runtime-beta\bin\java.exe
0x00007ffa9d4c0000 - 0x00007ffa9d728000 	C:\Windows\SYSTEM32\ntdll.dll
0x00007ffa9bfa0000 - 0x00007ffa9c069000 	C:\Windows\System32\KERNEL32.DLL
0x00007ffa9add0000 - 0x00007ffa9b1bd000 	C:\Windows\System32\KERNELBASE.dll
0x00007ffa9aa50000 - 0x00007ffa9ab9b000 	C:\Windows\System32\ucrtbase.dll
0x00007ffa930c0000 - 0x00007ffa930d7000 	C:\Users\Admin\AppData\Roaming\.minecraft\runtime\java-runtime-beta\bin\jli.dll
0x00007ffa92e00000 - 0x00007ffa92e1d000 	C:\Users\Admin\AppData\Roaming\.minecraft\runtime\java-runtime-beta\bin\VCRUNTIME140.dll
0x00007ffa9b3c0000 - 0x00007ffa9b58c000 	C:\Windows\System32\USER32.dll
0x00007ffa9a850000 - 0x00007ffa9a877000 	C:\Windows\System32\win32u.dll
0x00007ffa82080000 - 0x00007ffa8231a000 	C:\Windows\WinSxS\amd64_microsoft.windows.common-controls_6595b64144ccf1df_6.0.26100.4484_none_3e0e6d4ce32ef3b3\COMCTL32.dll
0x00007ffa9d260000 - 0x00007ffa9d28b000 	C:\Windows\System32\GDI32.dll
0x00007ffa9b260000 - 0x00007ffa9b309000 	C:\Windows\System32\msvcrt.dll
0x00007ffa9a880000 - 0x00007ffa9a9b7000 	C:\Windows\System32\gdi32full.dll
0x00007ffa9ad20000 - 0x00007ffa9adc3000 	C:\Windows\System32\msvcp_win.dll
0x00007ffa9d3e0000 - 0x00007ffa9d40f000 	C:\Windows\System32\IMM32.DLL
0x00007ffa95a80000 - 0x00007ffa95a8c000 	C:\Users\Admin\AppData\Roaming\.minecraft\runtime\java-runtime-beta\bin\vcruntime140_1.dll
0x00007ffa8fdf0000 - 0x00007ffa8fe7d000 	C:\Users\Admin\AppData\Roaming\.minecraft\runtime\java-runtime-beta\bin\msvcp140.dll
0x00007ffa2d570000 - 0x00007ffa2e1e2000 	C:\Users\Admin\AppData\Roaming\.minecraft\runtime\java-runtime-beta\bin\server\jvm.dll
0x00007ffa9d310000 - 0x00007ffa9d3c4000 	C:\Windows\System32\ADVAPI32.dll
0x00007ffa9b310000 - 0x00007ffa9b3b6000 	C:\Windows\System32\sechost.dll
0x00007ffa9c6e0000 - 0x00007ffa9c7f8000 	C:\Windows\System32\RPCRT4.dll
0x00007ffa9bf20000 - 0x00007ffa9bf94000 	C:\Windows\System32\WS2_32.dll
0x00007ffa99230000 - 0x00007ffa9928e000 	C:\Windows\SYSTEM32\POWRPROF.dll
0x00007ffa975e0000 - 0x00007ffa97615000 	C:\Windows\SYSTEM32\WINMM.dll
0x00007ffa91810000 - 0x00007ffa9181b000 	C:\Windows\SYSTEM32\VERSION.dll
0x00007ffa99210000 - 0x00007ffa99224000 	C:\Windows\SYSTEM32\UMPDC.dll
0x00007ffa994d0000 - 0x00007ffa994eb000 	C:\Windows\SYSTEM32\kernel.appcore.dll
0x00007ffa930b0000 - 0x00007ffa930ba000 	C:\Users\Admin\AppData\Roaming\.minecraft\runtime\java-runtime-beta\bin\jimage.dll
0x00007ffa97ff0000 - 0x00007ffa98231000 	C:\Windows\SYSTEM32\DBGHELP.DLL
0x00007ffa9cec0000 - 0x00007ffa9d246000 	C:\Windows\System32\combase.dll
0x00007ffa9cba0000 - 0x00007ffa9cc80000 	C:\Windows\System32\OLEAUT32.dll
0x00007ffa72390000 - 0x00007ffa723d3000 	C:\Windows\SYSTEM32\dbgcore.DLL
0x00007ffa9b1c0000 - 0x00007ffa9b259000 	C:\Windows\System32\bcryptPrimitives.dll
0x00007ffa92dd0000 - 0x00007ffa92df5000 	C:\Users\Admin\AppData\Roaming\.minecraft\runtime\java-runtime-beta\bin\java.dll
0x00007ffa8fdd0000 - 0x00007ffa8fde8000 	C:\Users\Admin\AppData\Roaming\.minecraft\runtime\java-runtime-beta\bin\zip.dll
0x00007ffa8fcf0000 - 0x00007ffa8fdc6000 	C:\Users\Admin\AppData\Roaming\.minecraft\runtime\java-runtime-beta\bin\jsvml.dll
0x00007ffa9b740000 - 0x00007ffa9be8a000 	C:\Windows\System32\SHELL32.dll
0x00007ffa9aba0000 - 0x00007ffa9ad14000 	C:\Windows\System32\wintypes.dll
0x00007ffa98270000 - 0x00007ffa98acb000 	C:\Windows\SYSTEM32\windows.storage.dll
0x00007ffa9b640000 - 0x00007ffa9b735000 	C:\Windows\System32\SHCORE.dll
0x00007ffa9c800000 - 0x00007ffa9c86a000 	C:\Windows\System32\shlwapi.dll
0x00007ffa9a520000 - 0x00007ffa9a54f000 	C:\Windows\SYSTEM32\profapi.dll
0x00007ffa8fcd0000 - 0x00007ffa8fcea000 	C:\Users\Admin\AppData\Roaming\.minecraft\runtime\java-runtime-beta\bin\net.dll
0x00007ffa92750000 - 0x00007ffa9286e000 	C:\Windows\SYSTEM32\WINHTTP.dll
0x00007ffa99a60000 - 0x00007ffa99aca000 	C:\Windows\system32\mswsock.dll
0x00007ffa8fcb0000 - 0x00007ffa8fcc6000 	C:\Users\Admin\AppData\Roaming\.minecraft\runtime\java-runtime-beta\bin\nio.dll
0x00007ffa90110000 - 0x00007ffa9011a000 	C:\Users\Admin\AppData\Roaming\.minecraft\runtime\java-runtime-beta\bin\management.dll
0x00007ffa8fca0000 - 0x00007ffa8fcab000 	C:\Users\Admin\AppData\Roaming\.minecraft\runtime\java-runtime-beta\bin\management_ext.dll
0x00007ffa9d3d0000 - 0x00007ffa9d3d8000 	C:\Windows\System32\PSAPI.DLL
0x00007ffa69bd0000 - 0x00007ffa69be8000 	C:\Windows\system32\napinsp.dll
0x00007ffa98f00000 - 0x00007ffa99026000 	C:\Windows\SYSTEM32\DNSAPI.dll
0x00007ffa98e70000 - 0x00007ffa98ea3000 	C:\Windows\SYSTEM32\IPHLPAPI.DLL
0x00007ffa9c890000 - 0x00007ffa9c89a000 	C:\Windows\System32\NSI.dll
0x00007ffa2b890000 - 0x00007ffa2b8a2000 	C:\Windows\System32\winrnr.dll
0x00007ffa47500000 - 0x00007ffa47530000 	C:\Windows\system32\nlansp_c.dll
0x00007ffa91400000 - 0x00007ffa91420000 	C:\Windows\system32\wshbth.dll
0x00007ffa926a0000 - 0x00007ffa926ab000 	C:\Windows\System32\rasadhlp.dll
0x00007ffa943e0000 - 0x00007ffa94466000 	C:\Windows\System32\fwpuclnt.dll
0x00007ffa8fc90000 - 0x00007ffa8fca0000 	C:\Users\Admin\AppData\Roaming\.minecraft\runtime\java-runtime-beta\bin\verify.dll
0x00007ffa99d10000 - 0x00007ffa99d2b000 	C:\Windows\SYSTEM32\CRYPTSP.dll
0x00007ffa99430000 - 0x00007ffa9946b000 	C:\Windows\system32\rsaenh.dll
0x00007ffa99b00000 - 0x00007ffa99b2b000 	C:\Windows\SYSTEM32\USERENV.dll
0x00007ffa9a4f0000 - 0x00007ffa9a516000 	C:\Windows\SYSTEM32\bcrypt.dll
0x00007ffa99d30000 - 0x00007ffa99d3c000 	C:\Windows\SYSTEM32\CRYPTBASE.dll
0x00007ffa92d10000 - 0x00007ffa92d2f000 	C:\Windows\SYSTEM32\dhcpcsvc6.DLL
0x00007ffa92ce0000 - 0x00007ffa92d05000 	C:\Windows\SYSTEM32\dhcpcsvc.DLL
0x00007ffa8fc80000 - 0x00007ffa8fc8e000 	C:\Users\Admin\AppData\Roaming\.minecraft\runtime\java-runtime-beta\bin\sunmscapi.dll
0x00007ffa9a6d0000 - 0x00007ffa9a847000 	C:\Windows\System32\CRYPT32.dll
0x00007ffa99f30000 - 0x00007ffa99f60000 	C:\Windows\SYSTEM32\ncrypt.dll
0x00007ffa99ee0000 - 0x00007ffa99f1f000 	C:\Windows\SYSTEM32\NTASN1.dll
0x00007ffa8fc70000 - 0x00007ffa8fc79000 	C:\Users\Admin\AppData\Roaming\.minecraft\runtime\java-runtime-beta\bin\extnet.dll
0x00007ffa8fbf0000 - 0x00007ffa8fc65000 	C:\Users\Admin\Desktop\.minecraft\versions\1.20.1-Fabric 0.19.5-OptiFine_I6\1.20.1-Fabric 0.19.5-OptiFine_I6-natives\lwjgl.dll
0x00007ffa96db0000 - 0x00007ffa96dfd000 	C:\Windows\SYSTEM32\dxcore.dll
0x00007ffa66a10000 - 0x00007ffa66c69000 	C:\Users\Admin\Desktop\.minecraft\versions\1.20.1-Fabric 0.19.5-OptiFine_I6\1.20.1-Fabric 0.19.5-OptiFine_I6-natives\jemalloc.dll
0x00007ffa8fbb0000 - 0x00007ffa8fbf0000 	C:\Users\Admin\Desktop\.minecraft\versions\1.20.1-Fabric 0.19.5-OptiFine_I6\1.20.1-Fabric 0.19.5-OptiFine_I6-natives\jna6817343024022822581.dll
0x00007ffa9cd10000 - 0x00007ffa9ceae000 	C:\Windows\System32\Ole32.dll
0x00007ffa9b590000 - 0x00007ffa9b638000 	C:\Windows\System32\clbcatq.dll
0x00007ffa77c20000 - 0x00007ffa77c3d000 	C:\Windows\SYSTEM32\amsi.dll
0x00007ffa77a30000 - 0x00007ffa77ad4000 	C:\ProgramData\Microsoft\Windows Defender\Platform\4.18.26080.3-0\MpOav.dll
0x00007ffa83260000 - 0x00007ffa832ae000 	C:\Windows\SYSTEM32\Pdh.dll
0x00007ffa742f0000 - 0x00007ffa74301000 	C:\Windows\System32\perfos.dll
0x00007ffa98af0000 - 0x00007ffa98b02000 	C:\Windows\SYSTEM32\pfclient.dll
0x00007ffa5e8a0000 - 0x00007ffa5ea30000 	C:\Users\Admin\AppData\Roaming\.minecraft\runtime\java-runtime-beta\bin\awt.dll
0x00007ffa96a50000 - 0x00007ffa96aee000 	C:\Windows\SYSTEM32\apphelp.dll
0x00007ffa6c3b0000 - 0x00007ffa6c431000 	C:\Users\Admin\Desktop\.minecraft\versions\1.20.1-Fabric 0.19.5-OptiFine_I6\1.20.1-Fabric 0.19.5-OptiFine_I6-natives\lwjgl_stb.dll
0x00007ffa70f00000 - 0x00007ffa70f08000 	C:\Windows\system32\wshunix.dll
0x00007ffa8fb40000 - 0x00007ffa8fba1000 	C:\Users\Admin\Desktop\.minecraft\versions\1.20.1-Fabric 0.19.5-OptiFine_I6\1.20.1-Fabric 0.19.5-OptiFine_I6-natives\glfw.dll
0x00007ffa66f70000 - 0x00007ffa67091000 	C:\Users\Admin\AppData\Local\Temp\libzstd-jni_dh-1.5.7-616788826884933074252.dll
0x00007ffa5e1b0000 - 0x00007ffa5e2a9000 	C:\Users\Admin\AppData\Local\Temp\sqlite-3.47.2.0-f529cb9e-584c-4444-952b-56d19eb37399-sqlitejdbc.dll
0x00007ffa69c30000 - 0x00007ffa69ca7000 	C:\Users\Admin\AppData\Local\Temp\libopus4j-9783d0e001158567d1e08f6bb3b2c5b5\libopus4j.dll
0x00007ffa8d960000 - 0x00007ffa8d97c000 	C:\Users\Admin\AppData\Local\Temp\librnnoise4j-40cc1fdd40ca1100a850ddee14466799\librnnoise4j.dll
0x00007ffa8d880000 - 0x00007ffa8d89f000 	C:\Users\Admin\AppData\Local\Temp\libspeex4j-e39751f08962f3611e66c90baf107894\libspeex4j.dll
0x00007ffa77e70000 - 0x00007ffa77ec3000 	C:\Users\Admin\AppData\Local\Temp\liblame4j-290c3436fe9f7c2b8e165ddcb5ad66ce\liblame4j.dll
0x00007ffa96800000 - 0x00007ffa9684b000 	C:\Windows\SYSTEM32\dinput8.dll
0x00007ffa71910000 - 0x00007ffa71922000 	C:\Windows\SYSTEM32\xinput1_4.dll
0x00007ffa9a270000 - 0x00007ffa9a2c7000 	C:\Windows\SYSTEM32\cfgmgr32.dll
0x00007ffa9a2d0000 - 0x00007ffa9a2fd000 	C:\Windows\SYSTEM32\DEVOBJ.dll
0x00007ffa86080000 - 0x00007ffa86263000 	C:\Windows\SYSTEM32\inputhost.dll
0x00007ffa95be0000 - 0x00007ffa95d05000 	C:\Windows\SYSTEM32\CoreMessaging.dll
0x00007ffa971e0000 - 0x00007ffa97216000 	C:\Windows\SYSTEM32\dwmapi.dll
0x00007ffa96c90000 - 0x00007ffa96d3f000 	C:\Windows\system32\uxtheme.dll
0x00007ffa9c8a0000 - 0x00007ffa9ca00000 	C:\Windows\System32\MSCTF.dll
0x00007ffa5e090000 - 0x00007ffa5e1a8000 	C:\Windows\SYSTEM32\opengl32.dll
0x00007ffa713f0000 - 0x00007ffa7141d000 	C:\Windows\SYSTEM32\GLU32.dll
0x00007ffa8d510000 - 0x00007ffa8d52a000 	C:\Windows\SYSTEM32\windows.staterepositorycore.dll
0x00007ffa1c1b0000 - 0x00007ffa1f048000 	C:\Windows\System32\DriverStore\FileRepository\nvami.inf_amd64_734224edc3748001\nvoglv64.dll
0x00007ffa9c070000 - 0x00007ffa9c4f6000 	C:\Windows\System32\SETUPAPI.dll
0x00007ffa96b10000 - 0x00007ffa96b26000 	C:\Windows\SYSTEM32\WTSAPI32.dll
0x00007ffa99d80000 - 0x00007ffa99d93000 	C:\Windows\SYSTEM32\msasn1.dll
0x00007ffa91720000 - 0x00007ffa9175b000 	C:\Windows\SYSTEM32\cryptnet.dll
0x00007ffa99df0000 - 0x00007ffa99e5b000 	C:\Windows\SYSTEM32\wldp.dll
0x00007ffa91280000 - 0x00007ffa913fc000 	C:\Windows\SYSTEM32\drvstore.dll
0x00007ffa99600000 - 0x00007ffa99636000 	C:\Windows\SYSTEM32\ntmarta.dll
0x00007ffa9a9c0000 - 0x00007ffa9aa44000 	C:\Windows\System32\WINTRUST.dll
0x00007ffa9cb10000 - 0x00007ffa9cb30000 	C:\Windows\System32\imagehlp.dll
0x00007ffa869e0000 - 0x00007ffa8d387000 	C:\Windows\System32\DriverStore\FileRepository\nvami.inf_amd64_734224edc3748001\nvgpucomp64.dll
0x00007ffa2fed0000 - 0x00007ffa30034000 	C:\Windows\system32\nvspcap64.dll
0x00007ffa98da0000 - 0x00007ffa98e07000 	C:\Windows\SYSTEM32\WINSTA.dll
0x00007ffa8dd20000 - 0x00007ffa8de70000 	C:\Windows\SYSTEM32\textinputframework.dll
0x00007ffa6f600000 - 0x00007ffa6f65d000 	C:\Users\Admin\Desktop\.minecraft\versions\1.20.1-Fabric 0.19.5-OptiFine_I6\1.20.1-Fabric 0.19.5-OptiFine_I6-natives\lwjgl_opengl.dll
0x00007ffa939b0000 - 0x00007ffa93a79000 	C:\Windows\SYSTEM32\mscms.dll
0x00007ffa6f380000 - 0x00007ffa6f3c9000 	C:\Windows\SYSTEM32\icm32.dll
0x00007ffa5def0000 - 0x00007ffa5e087000 	C:\Users\Admin\Desktop\.minecraft\versions\1.20.1-Fabric 0.19.5-OptiFine_I6\1.20.1-Fabric 0.19.5-OptiFine_I6-natives\OpenAL.dll
0x00007ffa920f0000 - 0x00007ffa92190000 	C:\Windows\System32\MMDevApi.dll
0x00007ffa2ed90000 - 0x00007ffa2ef03000 	C:\Windows\System32\Speech\Common\sapi.dll
0x00007ffa785f0000 - 0x00007ffa787ae000 	C:\Windows\SYSTEM32\AUDIOSES.DLL
0x00007ffa97230000 - 0x00007ffa97244000 	C:\Windows\SYSTEM32\resourcepolicyclient.dll
0x00007ffa90bc0000 - 0x00007ffa90ea3000 	C:\Windows\SYSTEM32\CoreUIComponents.dll

dbghelp: loaded successfully - version: 4.0.5 - missing functions: none
symbol engine: initialized successfully - sym options: 0x614 - pdb path: .;C:\Users\Admin\AppData\Roaming\.minecraft\runtime\java-runtime-beta\bin;C:\Windows\SYSTEM32;C:\Windows\WinSxS\amd64_microsoft.windows.common-controls_6595b64144ccf1df_6.0.26100.4484_none_3e0e6d4ce32ef3b3;C:\Users\Admin\AppData\Roaming\.minecraft\runtime\java-runtime-beta\bin\server;C:\Users\Admin\Desktop\.minecraft\versions\1.20.1-Fabric 0.19.5-OptiFine_I6\1.20.1-Fabric 0.19.5-OptiFine_I6-natives;C:\ProgramData\Microsoft\Windows Defender\Platform\4.18.26080.3-0;C:\Users\Admin\AppData\Local\Temp;C:\Users\Admin\AppData\Local\Temp\libopus4j-9783d0e001158567d1e08f6bb3b2c5b5;C:\Users\Admin\AppData\Local\Temp\librnnoise4j-40cc1fdd40ca1100a850ddee14466799;C:\Users\Admin\AppData\Local\Temp\libspeex4j-e39751f08962f3611e66c90baf107894;C:\Users\Admin\AppData\Local\Temp\liblame4j-290c3436fe9f7c2b8e165ddcb5ad66ce;C:\Windows\System32\DriverStore\FileRepository\nvami.inf_amd64_734224edc3748001;C:\Windows\System32\Speech\Common

VM Arguments:
jvm_args: -XX:HeapDumpPath=MojangTricksIntelDriversForPerformance_javaw.exe_minecraft.exe.heapdump -Djava.library.path=C:\Users\Admin\Desktop\.minecraft\versions\1.20.1-Fabric 0.19.5-OptiFine_I6\1.20.1-Fabric 0.19.5-OptiFine_I6-natives -Djna.tmpdir=C:\Users\Admin\Desktop\.minecraft\versions\1.20.1-Fabric 0.19.5-OptiFine_I6\1.20.1-Fabric 0.19.5-OptiFine_I6-natives -Dorg.lwjgl.system.SharedLibraryExtractPath=C:\Users\Admin\Desktop\.minecraft\versions\1.20.1-Fabric 0.19.5-OptiFine_I6\1.20.1-Fabric 0.19.5-OptiFine_I6-natives -Dio.netty.native.workdir=C:\Users\Admin\Desktop\.minecraft\versions\1.20.1-Fabric 0.19.5-OptiFine_I6\1.20.1-Fabric 0.19.5-OptiFine_I6-natives -Dminecraft.launcher.brand=PCL -Dminecraft.launcher.version=408 -DFabricMcEmu=net.minecraft.client.main.Main -XX:-OmitStackTraceInFastThrow -Djdk.lang.Process.allowAmbiguousCommands=True -Dfml.ignoreInvalidMinecraftCertificates=True -Dfml.ignorePatchDiscrepancies=True -Xmx12288m -XX:+UnlockExperimentalVMOptions -XX:+UseG1GC -XX:G1NewSizePercent=20 -XX:G1ReservePercent=20 -XX:G1HeapRegionSize=32M -XX:MaxGCPauseMillis=50 -XX:+PerfDisableSharedMem -XX:MinHeapFreeRatio=25 -XX:MaxHeapFreeRatio=40 -Dlog4j2.formatMsgNoLookups=true -Dsun.stdout.encoding=GBK -Dsun.stderr.encoding=GBK 
java_command: net.fabricmc.loader.impl.launch.knot.KnotClient --username LazyIzumi --version 1.20.1-Fabric 0.19.5-OptiFine_I6 --gameDir C:\Users\Admin\Desktop\.minecraft\versions\1.20.1-Fabric 0.19.5-OptiFine_I6 --assetsDir C:\Users\Admin\Desktop\.minecraft\assets --assetIndex 5 --uuid a5574a6c41ce499095ef45db934a399a --accessToken eyJraWQiOiIwNDkxODEiLCJhbGciOiJSUzI1NiJ9.eyJ4dWlkIjoiMjUzNTQ3MzQzMTAxNDU5OSIsImFnZyI6IkFkdWx0Iiwic3ViIjoiNzYzMGQwZDEtMTBiNi00YzVmLWJmNDgtNzk4YzYxNGRhMjFjIiwiYXV0aCI6IlhCT1giLCJwZmlkIjoiMTdBNjZERjRBMjA5Nzc3NCIsIm5zIjoiZGVmYXVsdCIsInJvbGVzIjpbXSwiaXNzIjoiYXV0aGVudGljYXRpb24iLCJmbGFncyI6WyJtdWx0aXBsYXllciJdLCJwcm9maWxlcyI6eyJtYyI6ImE1NTc0YTZjLTQxY2UtNDk5MC05NWVmLTQ1ZGI5MzRhMzk5YSJ9LCJtaWQiOiIxN0E2NkRGNEEyMDk3Nzc0IiwicG1pZCI6Ijc3N2Y1MjYzLTNiMTQtNWE1Yi1iM2I1LWNiMjMyNzIwY2FhMiIsInBsYXRmb3JtIjoiUENfTEFVTkNIRVIiLCJ0aWQiOiJFOTlCMCIsInBmZCI6W3sidHlwZSI6Im1jIiwiaWQiOiJhNTU3NGE2Yy00MWNlLTQ5OTAtOTVlZi00NWRiOTM0YTM5OWEiLCJuYW1lIjoiTGF6eUl6dW1pIn1dLCJ4aWQiOiIyNTM1NDczNDMxMDE0NTk5IiwibmJmIjoxNzg5MDkzMDgzLCJleHAiOjE3ODkxNzk0ODMsImlhdCI6MTc4OTA5MzA4MywiYWlkIjoiZmU3MmVkYzItM2E2Zi00MjgwLTkwZTgtZTJiZWI2NGNlN2UxIn0.Q64ceygG6-71e5A6YBhb0lrYftloFfh-1B7MMnKm02Mmvy82E71fykxJEw1PHvgvb2XHZ6NFPCN2DZclKNn0R0jzzzleMwqx0c-C9KAfhFydSatQili_ZSR4tWCo53GSZfbXKyCPbzc_2hbayM_UQe3hV-W6VwPDffwppYfNavDTRSMXxABAypJ2Q8QTxu1S6Y220hpUDy7fojpenXCCaT08Of5L3-R89mGjLPfJdOQLgBZ4meVWWBo4lsCmnc0-2EhmyhZQ4kc1h8M-c0rQnhOQEaEGpwN-otqWUTTfxujX93P1k298dE16rr351jk2wTp3zuEHLoqLHSN64QesHA --clientId ${clientid} --xuid ${auth_xuid} --userType msa --versionType PCL --width 854 --height 480
java_class_path (initial): C:\Users\Admin\Desktop\.minecraft\libraries\com\github\oshi\oshi-core\6.2.2\oshi-core-6.2.2.jar;C:\Users\Admin\Desktop\.minecraft\libraries\com\google\code\gson\gson\2.10\gson-2.10.jar;C:\Users\Admin\Desktop\.minecraft\libraries\com\google\guava\failureaccess\1.0.1\failureaccess-1.0.1.jar;C:\Users\Admin\Desktop\.minecraft\libraries\com\google\guava\guava\31.1-jre\guava-31.1-jre.jar;C:\Users\Admin\Desktop\.minecraft\libraries\com\ibm\icu\icu4j\71.1\icu4j-71.1.jar;C:\Users\Admin\Desktop\.minecraft\libraries\com\mojang\authlib\4.0.43\authlib-4.0.43.jar;C:\Users\Admin\Desktop\.minecraft\libraries\com\mojang\blocklist\1.0.10\blocklist-1.0.10.jar;C:\Users\Admin\Desktop\.minecraft\libraries\com\mojang\brigadier\1.1.8\brigadier-1.1.8.jar;C:\Users\Admin\Desktop\.minecraft\libraries\com\mojang\datafixerupper\6.0.8\datafixerupper-6.0.8.jar;C:\Users\Admin\Desktop\.minecraft\libraries\com\mojang\logging\1.1.1\logging-1.1.1.jar;C:\Users\Admin\Desktop\.minecraft\libraries\com\mojang\patchy\2.2.10\patchy-2.2.10.jar;C:\Users\Admin\Desktop\.minecraft\libraries\com\mojang\text2speech\1.17.9\text2speech-1.17.9.jar;C:\Users\Admin\Desktop\.minecraft\libraries\commons-codec\commons-codec\1.15\commons-codec-1.15.jar;C:\Users\Admin\Desktop\.minecraft\libraries\commons-io\commons-io\2.11.0\commons-io-2.11.0.jar;C:\Users\Admin\Desktop\.minecraft\libraries\commons-logging\commons-logging\1.2\commons-logging-1.2.jar;C:\Users\Admin\Desktop\.minecraft\libraries\io\netty\netty-buffer\4.1.82.Final\netty-buffer-4.1.82.Final.jar;C:\Users\Admin\Desktop\.minecraft\libraries\io\netty\netty-codec\4.1.82.Final\netty-codec-4.1.82.Final.jar;C:\Users\Admin\Desktop\.minecraft\libraries\io\netty\netty-common\4.1.82.Final\netty-common-4.1.82.Final.jar;C:\Users\Admin\Desktop\.minecraft\libraries\io\netty\netty-handler\4.1.82.Final\netty-handler-4.1.82.Final.jar;C:\Users\Admin\Desktop\.minecraft\libraries\io\netty\netty-resolver\4.1.82.Final\netty-resolver-4.1.82.Final.jar;C:\Users\Ad
Launcher Type: SUN_STANDARD

[Global flags]
     intx CICompilerCount                          = 12                                        {product} {ergonomic}
     uint ConcGCThreads                            = 5                                         {product} {ergonomic}
     uint G1ConcRefinementThreads                  = 18                                        {product} {ergonomic}
     uint G1EagerReclaimRemSetThreshold            = 256                                  {experimental} {ergonomic}
   size_t G1HeapRegionSize                         = 33554432                                  {product} {command line}
    uintx G1NewSizePercent                         = 20                                   {experimental} {command line}
    uintx G1ReservePercent                         = 20                                        {product} {command line}
    uintx GCDrainStackTargetSize                   = 64                                        {product} {ergonomic}
    ccstr HeapDumpPath                             = MojangTricksIntelDriversForPerformance_javaw.exe_minecraft.exe.heapdump         {manageable} {command line}
   size_t InitialHeapSize                          = 268435456                                 {product} {ergonomic}
   size_t MarkStackSize                            = 4194304                                   {product} {ergonomic}
    uintx MaxGCPauseMillis                         = 50                                        {product} {command line}
    uintx MaxHeapFreeRatio                         = 40                                     {manageable} {command line}
   size_t MaxHeapSize                              = 12884901888                               {product} {command line}
   size_t MaxNewSize                               = 7717519360                                {product} {ergonomic}
   size_t MinHeapDeltaBytes                        = 33554432                                  {product} {ergonomic}
    uintx MinHeapFreeRatio                         = 25                                     {manageable} {command line}
   size_t MinHeapSize                              = 33554432                                  {product} {ergonomic}
    uintx NonNMethodCodeHeapSize                   = 7602480                                {pd product} {ergonomic}
    uintx NonProfiledCodeHeapSize                  = 122027880                              {pd product} {ergonomic}
     bool OmitStackTraceInFastThrow                = false                                     {product} {command line}
     bool PerfDisableSharedMem                     = true                                      {product} {command line}
    uintx ProfiledCodeHeapSize                     = 122027880                              {pd product} {ergonomic}
    uintx ReservedCodeCacheSize                    = 251658240                              {pd product} {ergonomic}
     bool SegmentedCodeCache                       = true                                      {product} {ergonomic}
   size_t SoftMaxHeapSize                          = 12884901888                            {manageable} {ergonomic}
     bool UnlockExperimentalVMOptions              = true                                 {experimental} {command line}
     bool UseCompressedClassPointers               = true                           {product lp64_product} {ergonomic}
     bool UseCompressedOops                        = true                           {product lp64_product} {ergonomic}
     bool UseG1GC                                  = true                                      {product} {command line}
     bool UseLargePagesIndividualAllocation        = false                                  {pd product} {ergonomic}

Logging:
Log output configuration:
 #0: stdout all=warning uptime,level,tags
 #1: stderr all=off uptime,level,tags

Environment Variables:
PATH=C:\Program Files\Common Files\Oracle\Java\javapath;C:\Program Files (x86)\Common Files\Oracle\Java\java8path;C:\Program Files (x86)\Common Files\Oracle\Java\javapath;C:\Windows\system32;C:\Windows;C:\Windows\System32\Wbem;C:\Windows\System32\WindowsPowerShell\v1.0\;C:\Windows\System32\OpenSSH\;C:\Program Files (x86)\NVIDIA Corporation\PhysX\Common;C:\Program Files\dotnet\;C:\Program Files\NVIDIA Corporation\NVIDIA App\NvDLISR;C:\Users\Admin\AppData\Local\Microsoft\WindowsApps;C:\Microsoft VS Code\bin;C:\Users\Admin\AppData\Roaming\.minecraft\runtime\java-runtime-beta\bin\
USERNAME=Eric
OS=Windows_NT
PROCESSOR_IDENTIFIER=Intel64 Family 6 Model 198 Stepping 2, GenuineIntel
TMP=C:\Users\Admin\AppData\Local\Temp
TEMP=C:\Users\Admin\AppData\Local\Temp



Periodic native trim disabled


---------------  S Y S T E M  ---------------

OS:
 Windows 11 , 64 bit Build 26100 (10.0.26100.4484)
OS uptime: 0 days 1:02 hours

CPU: total 24 (initial active 24) (24 cores per cpu, 1 threads per core) family 6 model 198 stepping 2 microcode 0x121, cx8, cmov, fxsr, mmx, 3dnowpref, sse, sse2, sse3, ssse3, sse4.1, sse4.2, popcnt, lzcnt, tsc, tscinvbit, avx, avx2, aes, erms, clmul, bmi1, bmi2, adx, sha, fma, vzeroupper, clflush, clflushopt, clwb
Processor Information for processor 0
  Max Mhz: 2700, Current Mhz: 2700, Mhz Limit: 2700
Processor Information for processor 1
  Max Mhz: 2700, Current Mhz: 2700, Mhz Limit: 2700
Processor Information for processor 2
  Max Mhz: 2100, Current Mhz: 2100, Mhz Limit: 2100
Processor Information for processor 3
  Max Mhz: 2100, Current Mhz: 2100, Mhz Limit: 2100
Processor Information for processor 4
  Max Mhz: 2100, Current Mhz: 2100, Mhz Limit: 2100
Processor Information for processor 5
  Max Mhz: 2100, Current Mhz: 2100, Mhz Limit: 2100
Processor Information for processor 6
  Max Mhz: 2100, Current Mhz: 2100, Mhz Limit: 2100
Processor Information for processor 7
  Max Mhz: 2100, Current Mhz: 2100, Mhz Limit: 2100
Processor Information for processor 8
  Max Mhz: 2100, Current Mhz: 2100, Mhz Limit: 2100
Processor Information for processor 9
  Max Mhz: 2100, Current Mhz: 2100, Mhz Limit: 2100
Processor Information for processor 10
  Max Mhz: 2700, Current Mhz: 2700, Mhz Limit: 2700
Processor Information for processor 11
  Max Mhz: 2700, Current Mhz: 2700, Mhz Limit: 2700
Processor Information for processor 12
  Max Mhz: 2700, Current Mhz: 2700, Mhz Limit: 2700
Processor Information for processor 13
  Max Mhz: 2700, Current Mhz: 2700, Mhz Limit: 2700
Processor Information for processor 14
  Max Mhz: 2100, Current Mhz: 2100, Mhz Limit: 2100
Processor Information for processor 15
  Max Mhz: 2100, Current Mhz: 2100, Mhz Limit: 2100
Processor Information for processor 16
  Max Mhz: 2100, Current Mhz: 2100, Mhz Limit: 2100
Processor Information for processor 17
  Max Mhz: 2100, Current Mhz: 2100, Mhz Limit: 2100
Processor Information for processor 18
  Max Mhz: 2100, Current Mhz: 2100, Mhz Limit: 2100
Processor Information for processor 19
  Max Mhz: 2100, Current Mhz: 2100, Mhz Limit: 2100
Processor Information for processor 20
  Max Mhz: 2100, Current Mhz: 2100, Mhz Limit: 2100
Processor Information for processor 21
  Max Mhz: 2100, Current Mhz: 2100, Mhz Limit: 2100
Processor Information for processor 22
  Max Mhz: 2700, Current Mhz: 2700, Mhz Limit: 2700
Processor Information for processor 23
  Max Mhz: 2700, Current Mhz: 2700, Mhz Limit: 2700

Memory: 4k page, system-wide physical 15745M (1715M free)
TotalPageFile size 23937M (AvailPageFile size 120M)
current process WorkingSet (physical memory assigned to process): 8197M, peak: 9278M
current process commit charge ("private bytes"): 14840M, peak: 14993M

vm_info: OpenJDK 64-Bit Server VM (17.0.15+6-LTS) for windows-amd64 JRE (17.0.15+6-LTS), built on Apr  9 2025 22:27:25 by "MicrosoftCorporation" with unknown MS VC++:1939

END.
