[19:59:10] [main/INFO]: Loading Minecraft 1.20.1 with Fabric Loader 0.19.5
[19:59:10] [ForkJoinPool-1-worker-21/WARN]: Mod punchy uses the version 2.7e which isn't compatible with Loader's extended semantic version format (Could not parse version number component '7e'!), SemVer is recommended for reliably evaluating dependencies and prioritizing newer version
[19:59:10] [main/INFO]: Loading 199 mods:
	- alexsmobs 1.20.1-1.5.0
	- ambientsounds 6.3.8
	- appleskin 2.5.2+mc1.20.1
	- architectury 9.2.14
	- bclib 3.0.14
	   \-- wunderlib 1.1.5
	- betterend 4.0.11
	- betternether 9.0.10
	- carryon 2.1.2.7
	- charmofundying 6.5.0+1.20.1
	   \-- spectrelib 0.13.15+1.20.1
	- cicada 0.14.3+1.20.1
	   \-- org_yaml_snakeyaml 2.2
	- citadel 1.20.1-1.1.0
	- citresewn 1.2.2+1.20.1
	   \-- citresewn-defaults 1.2.2+1.20.1
	- cloth-config 11.1.136
	   \-- cloth-basic-math 0.6.1
	- clumps 12.0.0.4
	- collective 8.39
	- continuity 3.0.0+1.20.1
	- create 6.0.8.1+build.1744-mc1.20.1
	   |-- com_google_code_findbugs_jsr305 3.0.2
	   |-- flywheel 1.0.5+1.20.1.build.264
	   |-- forgeconfigapiport 8.0.0
	   |-- milk 1.2.60
	   |    \-- dripstone_fluid_lib 3.0.2
	   |-- ponder 1.0.91
	   |    |-- com_google_code_findbugs_jsr305 3.0.2
	   |    |-- forgeconfigapiport 8.0.0
	   |    \-- javax_annotation_javax_annotation-api 1.3.2
	   |-- porting_lib_accessors 2.3.13+1.20.1
	   |    \-- porting_lib_core 2.3.13+1.20.1
	   |-- porting_lib_base 2.3.13+1.20.1
	   |    |-- com_electronwill_night-config_core 3.6.6
	   |    |-- com_electronwill_night-config_toml 3.6.6
	   |    |-- porting_lib_attributes 2.3.13+1.20.1
	   |    |-- porting_lib_common 2.3.13+1.20.1
	   |    |-- porting_lib_config 2.3.13+1.20.1
	   |    |-- porting_lib_core 2.3.13+1.20.1
	   |    |-- porting_lib_fluids 2.3.13+1.20.1
	   |    |-- porting_lib_gui_utils 2.3.13+1.20.1
	   |    |-- porting_lib_lazy_registration 2.3.13+1.20.1
	   |    |-- porting_lib_mixin_extensions 2.3.13+1.20.1
	   |    \-- reach-entity-attributes 2.4.0
	   |-- porting_lib_brewing 2.3.13+1.20.1
	   |    \-- porting_lib_core 2.3.13+1.20.1
	   |-- porting_lib_client_events 2.3.13+1.20.1
	   |    \-- porting_lib_core 2.3.13+1.20.1
	   |-- porting_lib_entity 2.3.13+1.20.1
	   |    |-- porting_lib_core 2.3.13+1.20.1
	   |    \-- porting_lib_mixin_extensions 2.3.13+1.20.1
	   |-- porting_lib_extensions 2.3.13+1.20.1
	   |    |-- porting_lib_attributes 2.3.13+1.20.1
	   |    |-- porting_lib_common 2.3.13+1.20.1
	   |    |-- porting_lib_core 2.3.13+1.20.1
	   |    \-- reach-entity-attributes 2.4.0
	   |-- porting_lib_model_generators 2.3.13+1.20.1
	   |    |-- porting_lib_core 2.3.13+1.20.1
	   |    |-- porting_lib_data 2.3.13+1.20.1
	   |    \-- porting_lib_model_materials 2.3.13+1.20.1
	   |-- porting_lib_models 2.3.13+1.20.1
	   |    |-- porting_lib_core 2.3.13+1.20.1
	   |    |-- porting_lib_fluids 2.3.13+1.20.1
	   |    \-- porting_lib_model_loader 2.3.13+1.20.1
	   |-- porting_lib_networking 2.3.13+1.20.1
	   |    \-- porting_lib_core 2.3.13+1.20.1
	   |-- porting_lib_obj_loader 2.3.13+1.20.1
	   |    |-- porting_lib_core 2.3.13+1.20.1
	   |    \-- porting_lib_model_loader 2.3.13+1.20.1
	   |-- porting_lib_tags 3.0
	   |    \-- porting_lib_core 2.3.13+1.20.1
	   |-- porting_lib_tool_actions 2.3.13+1.20.1
	   |    \-- porting_lib_core 2.3.13+1.20.1
	   |-- porting_lib_transfer 2.3.13+1.20.1
	   |    |-- porting_lib_core 2.3.13+1.20.1
	   |    \-- porting_lib_fluids 2.3.13+1.20.1
	   |-- reach-entity-attributes 2.4.0
	   \-- registrate-fabric 1.3.79-MC1.20.1
	        \-- com_google_code_findbugs_jsr305 3.0.2
	- createbigcannons 5.11.4
	- creativecore 2.12.39
	   \-- net_minecraftforge_eventbus 6.0.3
	- distanthorizons 3.2.0-b
	   |-- fabric-api-base 0.4.32+1802ada577
	   |-- fabric-api-lookup-api-v1 1.6.37+1802ada577
	   |-- fabric-block-api-v1 1.0.12+1802ada577
	   |-- fabric-block-view-api-v2 1.0.3+924f046a77
	   |-- fabric-blockrenderlayer-v1 1.1.42+1802ada577
	   |-- fabric-command-api-v1 1.2.35+f71b366f77
	   |-- fabric-command-api-v2 2.2.14+1802ada577
	   |-- fabric-commands-v0 0.2.52+df3654b377
	   |-- fabric-content-registries-v0 4.0.13+1802ada577
	   |-- fabric-convention-tags-v1 1.5.6+1802ada577
	   |-- fabric-crash-report-info-v1 0.2.20+1802ada577
	   |-- fabric-data-attachment-api-v1 1.0.2+de0fd6d177
	   |-- fabric-dimensions-v1 2.1.55+1802ada577
	   |-- fabric-entity-events-v1 1.6.1+1c78457f77
	   |-- fabric-events-lifecycle-v0 0.2.64+df3654b377
	   |-- fabric-game-rule-api-v1 1.0.41+1802ada577
	   |-- fabric-item-api-v1 2.1.29+1802ada577
	   |-- fabric-item-group-api-v1 4.0.14+1802ada577
	   |-- fabric-key-binding-api-v1 1.0.38+1802ada577
	   |-- fabric-keybindings-v0 0.2.36+df3654b377
	   |-- fabric-lifecycle-events-v1 2.2.23+1802ada577
	   |-- fabric-loot-api-v2 1.2.3+1802ada577
	   |-- fabric-loot-tables-v1 1.1.47+9e7660c677
	   |-- fabric-message-api-v1 5.1.10+1802ada577
	   |-- fabric-mining-level-api-v1 2.1.52+1802ada577
	   |-- fabric-model-loading-api-v1 1.0.4+1802ada577
	   |-- fabric-models-v0 0.4.3+9386d8a777
	   |-- fabric-object-builder-api-v1 11.1.5+e35120df77
	   |-- fabric-particles-v1 1.1.3+1802ada577
	   |-- fabric-renderer-api-v1 3.2.2+1802ada577
	   |-- fabric-renderer-indigo 1.5.3+85287f9f77
	   |-- fabric-rendering-data-attachment-v1 0.3.39+92a0d36777
	   |-- fabric-rendering-fluids-v1 3.0.29+1802ada577
	   |-- fabric-resource-conditions-api-v1 2.3.9+1802ada577
	   |-- fabric-resource-loader-v0 0.11.12+fb82e9d777
	   |-- fabric-screen-api-v1 2.0.9+1802ada577
	   |-- fabric-sound-api-v1 1.0.14+1802ada577
	   |-- fabric-transfer-api-v1 3.3.6+8dd72ea377
	   \-- fabric-transitive-access-wideners-v1 4.3.2+1802ada577
	- do_a_barrel_roll 3.6.1+1.20.1
	   \-- fabric-permissions-api-v0 0.2-SNAPSHOT
	- elytraslot 6.4.4+1.20.1
	   \-- mixinsquared 0.1.2-beta.6
	- entity_model_features 3.3.5
	- entity_texture_features 7.2.1
	- entityculling 1.10.5
	   |-- transition 1.0.21
	   \-- trender 1.0.15
	- essential-container 1.0.0
	   \-- essential-loader 1.3.2
	- expanded_armor_enchanting 1.0.6
	- expanded_axe_enchanting 1.0.7
	- expanded_trident_enchanting 1.0.7
	- expanded_weapon_enchanting 1.0.6
	- fabric-api 0.92.12+1.20.1
	   |-- fabric-biome-api-v1 13.0.15+93aa238b77
	   |-- fabric-client-tags-api-v1 1.2.0+238242b777
	   |-- fabric-containers-v0 0.1.68+df3654b377
	   |-- fabric-data-generation-api-v1 12.4.0+238242b777
	   |-- fabric-events-interaction-v0 0.6.6+13a40c6677
	   |-- fabric-networking-api-v1 1.3.15+0caff8d077
	   |-- fabric-networking-v0 0.3.55+df3654b377
	   |-- fabric-recipe-api-v1 1.0.25+1802ada577
	   |-- fabric-registry-sync-v0 2.4.1+4c0a70e677
	   |-- fabric-renderer-registries-v1 3.2.48+df3654b377
	   |-- fabric-rendering-v0 1.1.51+df3654b377
	   |-- fabric-rendering-v1 3.0.10+54550fb677
	   |-- fabric-screen-handler-api-v1 1.3.34+1802ada577
	   \-- fabric-tag-api-v1 1.3.0+238242b777
	- fabric-language-kotlin 1.14.1+kotlin.2.4.20
	   |-- org_jetbrains_kotlin_kotlin-reflect 2.4.20
	   |-- org_jetbrains_kotlin_kotlin-stdlib 2.4.20
	   |-- org_jetbrains_kotlin_kotlin-stdlib-jdk7 2.4.20
	   |-- org_jetbrains_kotlin_kotlin-stdlib-jdk8 2.4.20
	   |-- org_jetbrains_kotlinx_atomicfu-jvm 0.33.0
	   |-- org_jetbrains_kotlinx_kotlinx-coroutines-core-jvm 1.11.0
	   |-- org_jetbrains_kotlinx_kotlinx-coroutines-jdk8 1.11.0
	   |-- org_jetbrains_kotlinx_kotlinx-datetime-jvm 0.8.0
	   |-- org_jetbrains_kotlinx_kotlinx-io-bytestring-jvm 0.9.1
	   |-- org_jetbrains_kotlinx_kotlinx-io-core-jvm 0.9.1
	   |-- org_jetbrains_kotlinx_kotlinx-serialization-cbor-jvm 1.11.0
	   |-- org_jetbrains_kotlinx_kotlinx-serialization-core-jvm 1.11.0
	   \-- org_jetbrains_kotlinx_kotlinx-serialization-json-jvm 1.11.0
	- fabricloader 0.19.5
	   \-- mixinextras 0.5.5
	- fallingleaves 1.15.6
	- farmersdelight 1.20.1-1.4.3
	- ferritecore 6.0.1
	- ftblibrary 2001.2.13
	- ftbultimine 2001.1.8
	   \-- reach-entity-attributes 2.4.0
	- geckolib 4.8.4
	   \-- com_eliotlash_mclib_mclib 20
	- indium 1.0.36+mc1.20.1
	- infinitetrading 5.0
	- inventoryhud 3.4.26
	- iris 1.7.6+mc1.20.1
	   |-- io_github_douira_glsl-transformer 2.0.1
	   |-- org_anarres_jcpp 1.4.14
	   \-- org_antlr_antlr4-runtime 4.13.1
	- jade 11.13.3+fabric
	- java 17
	- jei 15.59.0.210
	- litematica 0.15.4
	- lithium 0.11.4
	- malilib 0.16.3
	- mcwbridges 3.1.2
	- minecraft 1.20.1
	- modefite 1.0.3+1.20.1
	- modmenu 7.2.2
	- mr_epic_terrain_compatible 1.0.3
	- noexpensive 1.20.1-1.9.0
	- punchy 2.7e
	- ritchiesprojectilelib 2.1.1
	   |-- forgeconfigapiport 8.0.0
	   \-- porting_lib_utility 2.1.1127+1.20
	        \-- porting_lib_gametest 2.1.1127+1.20
	- sodium 0.5.13+mc1.20.1
	- stepup 1.20-fabric0.83.0-1.3
	   |-- crowdin-translate 1.4+1.19.3
	   \-- gbfabrictools 1.4+1.20
	- trinkets 3.7.2
	   |-- cardinal-components-base 5.2.0
	   \-- cardinal-components-entity 5.2.0
	- voicechat 1.20.1-2.6.23
	   \-- voicechat_api 2.6.20
	- xaerominimap 26.5.0
	   \-- xaerolib 1.7.3
	- xaeroworldmap 1.46.0
	   \-- xaerolib 1.7.3
	- yet_another_config_lib_v3 3.6.6+1.20.1-fabric
	   |-- com_twelvemonkeys_common_common-image 3.12.0
	   |-- com_twelvemonkeys_common_common-io 3.12.0
	   |-- com_twelvemonkeys_common_common-lang 3.12.0
	   |-- com_twelvemonkeys_imageio_imageio-core 3.12.0
	   |-- com_twelvemonkeys_imageio_imageio-metadata 3.12.0
	   |-- com_twelvemonkeys_imageio_imageio-webp 3.12.0
	   |-- org_quiltmc_parsers_gson 0.2.1
	   \-- org_quiltmc_parsers_json 0.2.1
	- zoomify 2.15.2+1.20.1
	   \-- com_akuleshov7_ktoml-core-jvm 0.7.1
[19:59:11] [main/INFO]: SpongePowered MIXIN Subsystem Version=0.8.7 Source=file:/C:/Users/Admin/Desktop/.minecraft/libraries/net/fabricmc/sponge-mixin/0.17.4+mixin.0.8.7/sponge-mixin-0.17.4+mixin.0.8.7.jar Service=Knot/Fabric Env=CLIENT
[19:59:11] [main/WARN]: Reference map 'de-guntram-mcmod-fabrictools-refmap.json' for mixins.de-guntram-mcmod-fabrictools.json could not be read. If this is a development environment you can ignore this message
[19:59:11] [main/INFO]: Loaded configuration file for Lithium: 131 options available, 1 override(s) found
[19:59:12] [main/INFO]: Loaded configuration file for Sodium: 42 options available, 3 override(s) found
[19:59:12] [main/WARN]: Error loading class: io/vram/frex/base/renderer/context/render/EntityBlockRenderContext (java.lang.ClassNotFoundException: io/vram/frex/base/renderer/context/render/EntityBlockRenderContext)
[19:59:12] [main/WARN]: @Mixin target io.vram.frex.base.renderer.context.render.EntityBlockRenderContext was not found porting_lib_base.mixins.json:client.frex.EntityBlockRenderContextMixin from mod porting_lib_base
[19:59:12] [main/INFO]: Immersive Portals not present, skipping DH compatibility mixin.
[19:59:12] [main/WARN]: Error loading class: net/raphimc/immediatelyfast/feature/core/BatchableBufferSource (java.lang.ClassNotFoundException: net/raphimc/immediatelyfast/feature/core/BatchableBufferSource)
[19:59:12] [main/WARN]: Error loading class: dev/tr7zw/skinlayers/render/CustomizableModelPart (java.lang.ClassNotFoundException: dev/tr7zw/skinlayers/render/CustomizableModelPart)
[19:59:13] [main/WARN]: Error loading class: de/siphalor/amecs/key_modifiers/impl/AmecsKeyMappingManagerLayer (java.lang.ClassNotFoundException: de/siphalor/amecs/key_modifiers/impl/AmecsKeyMappingManagerLayer)
[19:59:13] [main/WARN]: Force-disabling mixin 'alloc.blockstate.StateMixin' as rule 'mixin.alloc.blockstate' (added by mods [ferritecore]) disables it and children
[19:59:13] [main/WARN]: Error loading class: io/github/mortuusars/exposure/client/camera/CameraClient (java.lang.ClassNotFoundException: io/github/mortuusars/exposure/client/camera/CameraClient)
[19:59:13] [main/WARN]: Error loading class: fuzs/swordblockingmechanics/handler/SwordBlockingHandler (java.lang.ClassNotFoundException: fuzs/swordblockingmechanics/handler/SwordBlockingHandler)
[19:59:13] [main/WARN]: Error loading class: fuzs/swordblockingmechanics/client/handler/FirstPersonRenderingHandler (java.lang.ClassNotFoundException: fuzs/swordblockingmechanics/client/handler/FirstPersonRenderingHandler)
[19:59:13] [main/WARN]: Force-disabling mixin 'features.render.entity.CuboidMixin' as rule 'mixin.features.render.entity' (added by mods [iris]) disables it and children
[19:59:13] [main/WARN]: Force-disabling mixin 'features.render.entity.ModelPartMixin' as rule 'mixin.features.render.entity' (added by mods [iris]) disables it and children
[19:59:13] [main/WARN]: Force-disabling mixin 'features.render.entity.cull.EntityRendererMixin' as rule 'mixin.features.render.entity' (added by mods [iris]) disables it and children
[19:59:13] [main/WARN]: Force-disabling mixin 'features.render.entity.shadows.EntityRenderDispatcherMixin' as rule 'mixin.features.render.entity' (added by mods [iris]) disables it and children
[19:59:13] [main/WARN]: Force-disabling mixin 'features.render.gui.font.GlyphRendererMixin' as rule 'mixin.features.render.gui.font' (added by mods [iris]) disables it and children
[19:59:13] [main/WARN]: Force-disabling mixin 'features.render.world.sky.BackgroundRendererMixin' as rule 'mixin.features.render.world.sky' (added by mods [iris]) disables it and children
[19:59:13] [main/WARN]: Force-disabling mixin 'features.render.world.sky.ClientWorldMixin' as rule 'mixin.features.render.world.sky' (added by mods [iris]) disables it and children
[19:59:13] [main/WARN]: Force-disabling mixin 'features.render.world.sky.WorldRendererMixin' as rule 'mixin.features.render.world.sky' (added by mods [iris]) disables it and children
[19:59:13] [main/WARN]: Error loading class: dev/ftb/mods/ftbchunks/client/gui/LargeMapScreen (java.lang.ClassNotFoundException: dev/ftb/mods/ftbchunks/client/gui/LargeMapScreen)
[19:59:13] [main/WARN]: @Mixin target dev.ftb.mods.ftbchunks.client.gui.LargeMapScreen was not found create.mixins.json:compat.ftbchunks.LargeMapScreenAccessor from mod create
[19:59:13] [main/WARN]: Error loading class: dev/ftb/mods/ftbchunks/client/gui/RegionMapPanel (java.lang.ClassNotFoundException: dev/ftb/mods/ftbchunks/client/gui/RegionMapPanel)
[19:59:13] [main/WARN]: @Mixin target dev.ftb.mods.ftbchunks.client.gui.RegionMapPanel was not found create.mixins.json:compat.ftbchunks.RegionMapPanelAccessor from mod create
[19:59:14] [main/INFO]: Starting Essential Loader (stage2) version 1.8.0 (fd9925651d7d2a7c4382209f86cf67c6) [stable]
[19:59:14] [main/INFO]: Starting Essential v1.4.1.1 (#31e1806134) [stable]
[19:59:14] [main/INFO]: Java: OpenJDK 64-Bit Server VM (v17.0.15) by Microsoft (Microsoft)
[19:59:14] [main/INFO]: Java Path: C:\Users\Admin\AppData\Roaming\.minecraft\runtime\java-runtime-beta\bin
[19:59:14] [main/INFO]: Java Info: mixed mode
[19:59:14] [main/INFO]: JVM Arguments: 
  - -XX:HeapDumpPath=MojangTricksIntelDriversForPerformance_javaw.exe_minecraft.exe.heapdump
  - -Djava.library.path=C:\Users\Admin\Desktop\.minecraft\versions\1.20.1-Fabric 0.19.5-OptiFine_I6\1.20.1-Fabric 0.19.5-OptiFine_I6-natives
  - -Djna.tmpdir=C:\Users\Admin\Desktop\.minecraft\versions\1.20.1-Fabric 0.19.5-OptiFine_I6\1.20.1-Fabric 0.19.5-OptiFine_I6-natives
  - -Dorg.lwjgl.system.SharedLibraryExtractPath=C:\Users\Admin\Desktop\.minecraft\versions\1.20.1-Fabric 0.19.5-OptiFine_I6\1.20.1-Fabric 0.19.5-OptiFine_I6-natives
  - -Dio.netty.native.workdir=C:\Users\Admin\Desktop\.minecraft\versions\1.20.1-Fabric 0.19.5-OptiFine_I6\1.20.1-Fabric 0.19.5-OptiFine_I6-natives
  - -Dminecraft.launcher.brand=PCL
  - -Dminecraft.launcher.version=408
  - -DFabricMcEmu=net.minecraft.client.main.Main
  - -XX:-OmitStackTraceInFastThrow
  - -Djdk.lang.Process.allowAmbiguousCommands=True
  - -Dfml.ignoreInvalidMinecraftCertificates=True
  - -Dfml.ignorePatchDiscrepancies=True
  - -Xmx12288m
  - -XX:+UnlockExperimentalVMOptions
  - -XX:+UseG1GC
  - -XX:G1NewSizePercent=20
  - -XX:G1ReservePercent=20
  - -XX:G1HeapRegionSize=32M
  - -XX:MaxGCPauseMillis=50
  - -XX:+PerfDisableSharedMem
  - -XX:MinHeapFreeRatio=25
  - -XX:MaxHeapFreeRatio=40
  - -Dlog4j2.formatMsgNoLookups=true
  - -Dsun.stdout.encoding=GBK
  - -Dsun.stderr.encoding=GBK
[19:59:14] [main/INFO]: OS: Windows 11 (v10.0) (Arch: amd64)
[19:59:14] [main/INFO]: Searching for graphics cards...
[19:59:14] [main/INFO]: Found graphics adapter: AdapterInfo{vendor=INTEL, description='Intel(R) Graphics', adapterType=0x00002323, openglIcdFilePath='C:\Windows\System32\DriverStore\FileRepository\iigd_dch.inf_amd64_38e51a298b862feb\igxelpgicd64.dll', openglIcdVersion=32.0.101.6790}
[19:59:14] [main/INFO]: Found graphics adapter: AdapterInfo{vendor=NVIDIA, description='NVIDIA GeForce RTX 5060 Laptop GPU', adapterType=0x0000231B, openglIcdFilePath='C:\Windows\System32\DriverStore\FileRepository\nvami.inf_amd64_734224edc3748001\nvoglv64.dll', openglIcdVersion=32.0.16.1656}
[19:59:14] [main/WARN]: Sodium has applied one or more workarounds to prevent crashes or other issues on your system: [NVIDIA_THREADED_OPTIMIZATIONS_BROKEN]
[19:59:14] [main/WARN]: This is not necessarily an issue, but it may result in certain features or optimizations being disabled. You can sometimes fix these issues by upgrading your graphics driver.
[19:59:15] [main/INFO]: Initializing MixinExtras via com.llamalad7.mixinextras.service.MixinExtrasServiceImpl(version=0.5.5).
[19:59:19] [Datafixer Bootstrap/INFO]: 188 Datafixer optimizations took 109 milliseconds
[19:59:19] [main/WARN]: @Redirect conflict. Skipping mixins.reach-entity-attributes.json:ServerPlayNetworkHandlerMixin from mod reach-entity-attributes->@Redirect::getActualAttackRange()D with priority 1000, already redirected by alexsmobs.mixins.json:ServerGamePacketListenerImplReachMixin from mod alexsmobs->@Redirect::alexsmobs$entityReachDistance()D with priority 1000
[19:59:20] [main/INFO]: [bclib] Added Config betternether.main to auto sync (file hash)
[19:59:20] [main/INFO]: [bclib] Added Config betternether.generator to auto sync (file hash)
[19:59:20] [main/INFO]: [bclib] Added Config betternether.blocks to auto sync (file hash)
[19:59:20] [main/INFO]: [bclib] Added Config betternether.items to auto sync (file hash)
[19:59:20] [main/INFO]: [bclib] Added Config betternether.biomes to auto sync (file hash)
[19:59:20] [main/INFO]: [bclib] Added Config betternether.mobs to auto sync (file hash)
[19:59:20] [main/INFO]: [bclib] Added Config betternether.recipes to auto sync (file hash)
[19:59:20] [main/WARN]: [bclib] Recipe betternether:bone_block_bone_button only takes in a single item and should be shapeless
[19:59:20] [Render thread/INFO]: Environment: authHost='https://authserver.mojang.com', accountsHost='https://api.mojang.com', sessionHost='https://sessionserver.mojang.com', servicesHost='https://api.minecraftservices.com', name='PROD'
[19:59:21] [Render thread/INFO]: Setting user: LazyIzumi
[19:59:21] [Render thread/WARN]: Discarding @Unique public method getOffset in porting_lib_extensions.mixins.json:client.VertexFormatMixin from mod porting_lib_extensions because it already exists in net.minecraft.class_293
[19:59:21] [Render thread/INFO]: Starting DI!
[19:59:21] [Render thread/INFO]: Authenticating to Mojang as LazyIzumi (a5574a6c-41ce-4990-95ef-45db934a399a)
[19:59:22] [DefaultDispatcher-worker-3/INFO]: Connecting to Essential Connection Manager...
[19:59:22] [DefaultDispatcher-worker-3/INFO]: Using Default JreDnsResolver
[19:59:22] [DefaultDispatcher-worker-3/INFO]: Using Default JreSocketFactory
[19:59:22] [WebSocketConnectReadThread-114/INFO]: Connected to Essential Connection Manager.
[19:59:22] [Render thread/INFO]: Adding datapack listener capsid_recipes
[19:59:22] [Render thread/INFO]: [bclib] Added Config bclib.generator to auto sync (file hash)
[19:59:22] [Render thread/INFO]: [bclib] Added Config bclib.main to auto sync (content diff)
[19:59:22] [Render thread/INFO]: [bclib] Added Config bclib.biomes to auto sync (file hash)
[19:59:23] [Render thread/INFO]: [bclib] Added Config betterend.entities to auto sync (file hash)
[19:59:23] [Render thread/INFO]: [bclib] Added Config betterend.blocks to auto sync (file hash)
[19:59:23] [Render thread/INFO]: [bclib] Added Config betterend.items to auto sync (file hash)
[19:59:23] [Render thread/INFO]: [bclib] Added Config betterend.biomes to auto sync (file hash)
[19:59:23] [Render thread/INFO]: [bclib] Added Config betterend.recipes to auto sync (file hash)
[19:59:23] [Render thread/INFO]: [bclib] Added Config betterend.enchantments to auto sync (file hash)
[19:59:23] [Render thread/INFO]: [betternether] =^..^=    BetterNether for 1.20    =^..^=
[19:59:23] [Render thread/INFO]: Loading Collective version 8.39.
[19:59:23] [Render thread/INFO]: Create 6.0.8.1 initializing!
[19:59:24] [Cicada thread 0/INFO]: 'id like to browse without fear of being shunned by friends and family'
[19:59:26] [Render thread/INFO]: Registering S2C receiver with id ftblibrary:edit_nbt
[19:59:26] [Render thread/INFO]: Registering C2S receiver with id ftblibrary:edit_nbt_response
[19:59:26] [Render thread/INFO]: Registering S2C receiver with id ftblibrary:sync_known_server_registries
[19:59:26] [Render thread/INFO]: Registering S2C receiver with id ftblibrary:edit_config
[19:59:26] [Render thread/INFO]: Registering S2C receiver with id ftbultimine:send_shape
[19:59:26] [Render thread/INFO]: Registering C2S receiver with id ftbultimine:key_pressed
[19:59:26] [Render thread/INFO]: Registering C2S receiver with id ftbultimine:mode_changed
[19:59:26] [Render thread/INFO]: Registering S2C receiver with id ftbultimine:sync_config_from_server
[19:59:26] [Render thread/INFO]: Registering C2S receiver with id ftbultimine:sync_config_to_server
[19:59:26] [Render thread/INFO]: Registering S2C receiver with id ftbultimine:edit_config
[19:59:26] [Render thread/INFO]: Registering S2C receiver with id ftbultimine:sync_ultimine_time
[19:59:26] [Render thread/INFO]: [STDOUT]: Hello NoExpensive world!
[19:59:26] [Render thread/INFO]: [voicechat] Compatibility version 20
[19:59:26] [Render thread/INFO]: [voicechat] Loading plugins
[19:59:26] [Render thread/INFO]: [voicechat] Loaded 0 plugin(s)
[19:59:26] [Render thread/INFO]: [voicechat] Initializing plugins
[19:59:26] [Render thread/INFO]: [voicechat] Initialized 0 plugin(s)
[19:59:26] [Render thread/INFO]: Registering S2C receiver with id architectury:spawn_entity_packet
[19:59:26] [Thread-41/INFO]: [bclib] Received Version Info for minecraft=1.20.1, loader=fabric
[19:59:26] [Thread-41/INFO]: [bclib]  - bclib:3.0.14
[19:59:26] [Thread-41/INFO]: [bclib]  - betterend:4.0.11
[19:59:26] [Thread-41/INFO]: [bclib]  - betternether:9.0.10
[19:59:26] [Render thread/INFO]: [citresewn] Registering CIT Conditions
[19:59:26] [Render thread/INFO]: [citresewn] Registering CIT Types
[19:59:26] [Render thread/INFO]: Initializing Distant Horizons client, firing DhApiBeforeDhInitEvent...
[19:59:26] [Render thread/INFO]: Running library validation...
[19:59:27] [Render thread/INFO]: Distant Horizons, Version: 3.2.0-b
[19:59:27] [Render thread/INFO]: Registering Fabric Client Events
[19:59:27] [Render thread/INFO]: Registering Fabric Server Events
[19:59:27] [Render thread/INFO]: Registered mod compatibility accessor for: [Sodium-Fabric].
[19:59:27] [Render thread/INFO]: Skipping mod compatibility accessor for: [starlight]
[19:59:27] [Render thread/INFO]: Skipping mod compatibility accessor for: [optifine]
[19:59:27] [Render thread/INFO]: Registered mod compatibility accessor for: [BCLib].
[19:59:27] [Render thread/INFO]: Skipping mod compatibility accessor for: [c2me]
[19:59:27] [Render thread/INFO]: Skipping mod compatibility accessor for: [imm_ptl_core]
[19:59:27] [Render thread/INFO]: Registered mod compatibility accessor for: [iris].
[19:59:27] [Render thread/INFO]: Initialising config for [DistantHorizons]
[19:59:27] [Render thread/INFO]: [DistantHorizons] Config initialised
[19:59:27] [Render thread/INFO]: Dimension ignoring disabled, DH will render all dimensions.
[19:59:27] [Render thread/INFO]: Applying config to loggers
[19:59:27] [Render thread/INFO]: Garbage collectors: [G1 Young Generation, G1 Old Generation]
[19:59:27] [Render thread/WARN]: Distant Horizons: G1 Garbage collector detected.
This can cause FPS stuttering. 
It's recommended to use a concurrent garbage collector 
like ZGC (Java 21+) or Shenandoah (Java 8 through 17) 
for a smoother experience. 
This warning can be disabled in the DH config.
[19:59:27] [Render thread/INFO]: Explicit Garbage Collection: [Enabled]
[19:59:27] [Render thread/INFO]: Distant Horizons client Initialized.
[19:59:27] [Render thread/INFO]: [ETF]: Modifying ETF Render State constructor because: for EMF
[19:59:27] [Render thread/INFO]: Loading Entity Model Features, PI = 3.1415927 and you can't convince me otherwise.
[19:59:27] [Render thread/INFO]: [ETF]: 6 new ETF Random Properties registered by entity_model_features
[19:59:27] [Render thread/INFO]: Loading Entity Texture Features, hello there!
[19:59:27] [Render thread/INFO]: [Indigo] Different rendering plugin detected; not applying Indigo.
[19:59:27] [Render thread/INFO]: [STDOUT]: Inventory HUD + has been initialized!
[19:59:27] [Render thread/INFO]: Sending ConfigManager...
[19:59:27] [Render thread/INFO]: Sending ConfigManager took 808.3 microseconds
[19:59:27] [Render thread/INFO]: Registering config screens for mod charmofundying with 1 config(s)
[19:59:27] [Worker-Main-1/INFO]: Checking mod updates...
[19:59:27] [Render thread/INFO]: [STDOUT]: [TRender] Initializing Client...
[19:59:27] [Render thread/INFO]: [voicechat] Using Cloth Config GUI
[19:59:27] [Render thread/INFO]: [voicechat] Initializing Opus
[19:59:27] [Render thread/INFO]: [voicechat] Successfully initialized Opus
[19:59:27] [Render thread/INFO]: [voicechat] Initializing RNNoise
[19:59:27] [Render thread/INFO]: [voicechat] Successfully initialized RNNoise
[19:59:27] [Render thread/INFO]: [voicechat] Initializing Speex
[19:59:27] [Render thread/INFO]: [voicechat] Successfully initialized Speex
[19:59:27] [Render thread/INFO]: [voicechat] Initializing LAME
[19:59:27] [Render thread/INFO]: [voicechat] Successfully initialized LAME
[19:59:27] [Render thread/INFO]: Registering common data for channel xaerolib:main!
[19:59:27] [Render thread/INFO]: Registering client data for channel xaerolib:main!
[19:59:27] [Render thread/INFO]: Loading primary common config for channel xaerolib:main!
[19:59:27] [Render thread/INFO]: Loading server config profiles for channel xaerolib:main!
[19:59:27] [Render thread/INFO]: Loading primary client config for channel xaerolib:main!
[19:59:27] [Render thread/INFO]: Loading client config profiles for channel xaerolib:main!
[19:59:27] [Render thread/INFO]: Loading XaeroLib common 1/2!
[19:59:27] [Render thread/INFO]: Loading XaeroLib client 1/2!
[19:59:28] [Render thread/INFO]: Xaero's Minimap: World Map found!
[19:59:28] [Render thread/INFO]: No Optifine!
[19:59:28] [Render thread/INFO]: Xaero's Minimap: No Vivecraft!
[19:59:28] [Render thread/INFO]: Xaero's Minimap: Iris found!
[19:59:28] [Render thread/INFO]: Registering common data for channel xaerominimap:main!
[19:59:28] [Render thread/INFO]: Registering client data for channel xaerominimap:main!
[19:59:28] [Render thread/INFO]: Loading primary common config for channel xaerominimap:main!
[19:59:28] [Render thread/INFO]: Loading server config profiles for channel xaerominimap:main!
[19:59:28] [Render thread/INFO]: Loading primary client config for channel xaerominimap:main!
[19:59:28] [Render thread/INFO]: Loading client config profiles for channel xaerominimap:main!
[19:59:28] [Render thread/INFO]: Loading Xaero's Minimap - Stage 1/2
[19:59:28] [Render thread/INFO]: Registering common data for channel xaeroworldmap:main!
[19:59:28] [Render thread/INFO]: Registering client data for channel xaeroworldmap:main!
[19:59:28] [Render thread/INFO]: Loading primary common config for channel xaeroworldmap:main!
[19:59:28] [Render thread/INFO]: Loading server config profiles for channel xaeroworldmap:main!
[19:59:28] [Render thread/INFO]: Loading primary client config for channel xaeroworldmap:main!
[19:59:28] [Render thread/INFO]: Loading client config profiles for channel xaeroworldmap:main!
[19:59:28] [Render thread/INFO]: Loading Xaero's World Map - Stage 1/2
[19:59:28] [Render thread/INFO]: Deserializing YACLConfig from 'C:\Users\Admin\Desktop\.minecraft\versions\1.20.1-Fabric 0.19.5-OptiFine_I6\config\yacl.json5'
[19:59:28] [Render thread/INFO]: Queuing DH event binding...
[19:59:28] [ForkJoinPool.commonPool-worker-14/WARN]: [Iris Update Check] Cached update file detected, using that!
[19:59:28] [Render thread/INFO]: OptiFine not detected.
[19:59:28] [Render thread/INFO]: Backend library: LWJGL version 3.3.1 SNAPSHOT
[19:59:28] [Render thread/INFO]: Modifying process environment to apply workarounds for the NVIDIA graphics driver...
[19:59:29] [Render thread/INFO]: OpenGL Vendor: NVIDIA Corporation
[19:59:29] [Render thread/INFO]: OpenGL Renderer: NVIDIA GeForce RTX 5060 Laptop GPU/PCIe/SSE2
[19:59:29] [Render thread/INFO]: OpenGL Version: 3.2.0 NVIDIA 616.56
[19:59:29] [Render thread/INFO]: Modifying OpenGL context to apply workarounds for the NVIDIA graphics driver...
[19:59:29] [Render thread/INFO]: Enabling GL_DEBUG_OUTPUT_SYNCHRONOUS to force the NVIDIA driver to disable threadedcommand submission
[19:59:29] [Render thread/INFO]: Debug functionality is disabled.
[19:59:29] [Render thread/INFO]: ARB_direct_state_access detected, enabling DSA.
[19:59:29] [Render thread/INFO]: Created 309 recipes which will be injected into the game
[19:59:29] [Render thread/INFO]: Created 22 tags which will be injected into the game
[19:59:30] [Render thread/INFO]: Hardware information:
[19:59:30] [Render thread/INFO]: CPU: 24x Intel(R) Core(TM) Ultra 9 275HX
[19:59:30] [Render thread/INFO]: GPU: NVIDIA GeForce RTX 5060 Laptop GPU/PCIe/SSE2 (Supports OpenGL 3.2.0 NVIDIA 616.56)
[19:59:30] [Render thread/INFO]: OS: Windows 11 (10.0)
[19:59:31] [Render thread/INFO]: Reloading ResourceManager: serilum_mod_translations, vanilla, create:dynamic_data, fabric (alexsmobs, ambientsounds, appleskin, bclib, betterend, betternether, cardinal-components-base, cardinal-components-entity, carryon, charmofundying, cicada, citadel, citresewn, citresewn-defaults, cloth-config, clumps, collective, continuity, create, createbigcannons, creativecore, distanthorizons, do_a_barrel_roll, dripstone_fluid_lib, entity_model_features, entity_texture_features, entityculling, essential-container, essential-loader, expanded_armor_enchanting, expanded_axe_enchanting, expanded_trident_enchanting, expanded_weapon_enchanting, fabric-api, fabric-api-base, fabric-api-lookup-api-v1, fabric-biome-api-v1, fabric-block-api-v1, fabric-block-view-api-v2, fabric-blockrenderlayer-v1, fabric-client-tags-api-v1, fabric-command-api-v1, fabric-command-api-v2, fabric-commands-v0, fabric-containers-v0, fabric-content-registries-v0, fabric-convention-tags-v1, fabric-crash-report-info-v1, fabric-data-attachment-api-v1, fabric-data-generation-api-v1, fabric-dimensions-v1, fabric-entity-events-v1, fabric-events-interaction-v0, fabric-events-lifecycle-v0, fabric-game-rule-api-v1, fabric-item-api-v1, fabric-item-group-api-v1, fabric-key-binding-api-v1, fabric-keybindings-v0, fabric-language-kotlin, fabric-lifecycle-events-v1, fabric-loot-api-v2, fabric-loot-tables-v1, fabric-message-api-v1, fabric-mining-level-api-v1, fabric-model-loading-api-v1, fabric-models-v0, fabric-networking-api-v1, fabric-networking-v0, fabric-object-builder-api-v1, fabric-particles-v1, fabric-recipe-api-v1, fabric-registry-sync-v0, fabric-renderer-api-v1, fabric-renderer-indigo, fabric-renderer-registries-v1, fabric-rendering-data-attachment-v1, fabric-rendering-fluids-v1, fabric-rendering-v0, fabric-rendering-v1, fabric-resource-conditions-api-v1, fabric-resource-loader-v0, fabric-screen-api-v1, fabric-screen-handler-api-v1, fabric-sound-api-v1, fabric-tag-api-v1, fabric-transfer-api-v1, fabric-transitive-access-wideners-v1, fabricloader, fallingleaves, farmersdelight, flywheel, forgeconfigapiport, ftblibrary, ftbultimine, gbfabrictools, geckolib, indium, inventoryhud, iris, jade, jei, litematica, lithium, malilib, mcwbridges, milk, modefite, modmenu, noexpensive, ponder, porting_lib_accessors, porting_lib_attributes, porting_lib_base, porting_lib_brewing, porting_lib_client_events, porting_lib_common, porting_lib_config, porting_lib_core, porting_lib_data, porting_lib_entity, porting_lib_extensions, porting_lib_fluids, porting_lib_gametest, porting_lib_gui_utils, porting_lib_lazy_registration, porting_lib_mixin_extensions, porting_lib_model_generators, porting_lib_model_loader, porting_lib_model_materials, porting_lib_models, porting_lib_networking, porting_lib_obj_loader, porting_lib_tags, porting_lib_tool_actions, porting_lib_transfer, porting_lib_utility, punchy, reach-entity-attributes, registrate-fabric, sodium, stepup, trender, trinkets, voicechat, xaerolib, xaerominimap, xaeroworldmap, yet_another_config_lib_v3, zoomify, essential), white_icons, continuity:glass_pane_culling_fix, file/FreshAnimations_v1.10.4.zip, file/Glowing 3D Armor.zip, file/1.2.zip, file/Refined Buckets 2.4.1.zip, file/HyperPunchy-v2.5+.zip, file/Enchantment Glows 1.9 1.20.x.zip, punchy:punchy, file/Punchy汉化包.zip, file/F8thful.zip, Essential Assets, essential
[19:59:31] [Worker-Main-12/WARN]: Unknown block 'byg:ivis_phylium' in 'matchBlocks' element 'byg:ivis_phylium' at index 4 in file 'minecraft:optifine/ctm/_overlays/08_amber_moss/amber_moss.properties' in pack 'fabric'
[19:59:31] [Worker-Main-12/WARN]: Unknown block 'byg:vermilion_sculk' in 'matchBlocks' element 'byg:vermilion_sculk' at index 9 in file 'minecraft:optifine/ctm/_overlays/08_amber_moss/amber_moss.properties' in pack 'fabric'
[19:59:31] [Worker-Main-12/WARN]: Unknown block 'byg:shulkren_phylium' in 'matchBlocks' element 'byg:shulkren_phylium' at index 10 in file 'minecraft:optifine/ctm/_overlays/08_amber_moss/amber_moss.properties' in pack 'fabric'
[19:59:31] [Worker-Main-12/WARN]: Unknown block 'byg:ivis_phylium' in 'matchBlocks' element 'byg:ivis_phylium' at index 10 in file 'minecraft:optifine/ctm/_overlays/07_jungle_moss/jungle_moss.properties' in pack 'fabric'
[19:59:31] [Worker-Main-12/WARN]: Unknown block 'byg:vermilion_sculk' in 'matchBlocks' element 'byg:vermilion_sculk' at index 11 in file 'minecraft:optifine/ctm/_overlays/07_jungle_moss/jungle_moss.properties' in pack 'fabric'
[19:59:31] [Worker-Main-12/WARN]: Unknown block 'byg:shulkren_phylium' in 'matchBlocks' element 'byg:shulkren_phylium' at index 12 in file 'minecraft:optifine/ctm/_overlays/07_jungle_moss/jungle_moss.properties' in pack 'fabric'
[19:59:31] [Worker-Main-12/WARN]: Unknown block 'byg:ivis_phylium' in 'matchBlocks' element 'byg:ivis_phylium' at index 8 in file 'minecraft:optifine/ctm/_overlays/06_end_moss/end_moss.properties' in pack 'fabric'
[19:59:31] [Worker-Main-12/WARN]: Unknown block 'byg:vermilion_sculk' in 'matchBlocks' element 'byg:vermilion_sculk' at index 9 in file 'minecraft:optifine/ctm/_overlays/06_end_moss/end_moss.properties' in pack 'fabric'
[19:59:31] [Worker-Main-12/WARN]: Unknown block 'byg:shulkren_phylium' in 'matchBlocks' element 'byg:shulkren_phylium' at index 10 in file 'minecraft:optifine/ctm/_overlays/06_end_moss/end_moss.properties' in pack 'fabric'
[19:59:31] [Worker-Main-12/WARN]: Unknown block 'byg:ivis_phylium' in 'matchBlocks' element 'byg:ivis_phylium' at index 3 in file 'minecraft:optifine/ctm/_overlays/05_chorus_nylium/chorus_nylium.properties' in pack 'fabric'
[19:59:31] [Worker-Main-12/WARN]: Unknown block 'byg:vermilion_sculk' in 'matchBlocks' element 'byg:vermilion_sculk' at index 8 in file 'minecraft:optifine/ctm/_overlays/05_chorus_nylium/chorus_nylium.properties' in pack 'fabric'
[19:59:31] [Worker-Main-12/WARN]: Unknown block 'byg:shulkren_phylium' in 'matchBlocks' element 'byg:shulkren_phylium' at index 9 in file 'minecraft:optifine/ctm/_overlays/05_chorus_nylium/chorus_nylium.properties' in pack 'fabric'
[19:59:31] [Worker-Main-12/WARN]: Unknown block 'byg:ivis_phylium' in 'matchBlocks' element 'byg:ivis_phylium' at index 6 in file 'minecraft:optifine/ctm/_overlays/04_crystal_moss/crystal_moss.properties' in pack 'fabric'
[19:59:31] [Worker-Main-12/WARN]: Unknown block 'byg:vermilion_sculk' in 'matchBlocks' element 'byg:vermilion_sculk' at index 7 in file 'minecraft:optifine/ctm/_overlays/04_crystal_moss/crystal_moss.properties' in pack 'fabric'
[19:59:31] [Worker-Main-12/WARN]: Unknown block 'byg:shulkren_phylium' in 'matchBlocks' element 'byg:shulkren_phylium' at index 8 in file 'minecraft:optifine/ctm/_overlays/04_crystal_moss/crystal_moss.properties' in pack 'fabric'
[19:59:31] [Worker-Main-12/WARN]: Unknown block 'byg:ivis_phylium' in 'matchBlocks' element 'byg:ivis_phylium' at index 5 in file 'minecraft:optifine/ctm/_overlays/03_pink_moss/pink_moss.properties' in pack 'fabric'
[19:59:31] [Worker-Main-12/WARN]: Unknown block 'byg:vermilion_sculk' in 'matchBlocks' element 'byg:vermilion_sculk' at index 6 in file 'minecraft:optifine/ctm/_overlays/03_pink_moss/pink_moss.properties' in pack 'fabric'
[19:59:31] [Worker-Main-12/WARN]: Unknown block 'byg:shulkren_phylium' in 'matchBlocks' element 'byg:shulkren_phylium' at index 7 in file 'minecraft:optifine/ctm/_overlays/03_pink_moss/pink_moss.properties' in pack 'fabric'
[19:59:31] [Worker-Main-12/WARN]: Unknown block 'byg:ivis_phylium' in 'matchBlocks' element 'byg:ivis_phylium' at index 4 in file 'minecraft:optifine/ctm/_overlays/02_shadow_grass/shadow_grass.properties' in pack 'fabric'
[19:59:31] [Worker-Main-12/WARN]: Unknown block 'byg:vermilion_sculk' in 'matchBlocks' element 'byg:vermilion_sculk' at index 5 in file 'minecraft:optifine/ctm/_overlays/02_shadow_grass/shadow_grass.properties' in pack 'fabric'
[19:59:31] [Worker-Main-12/WARN]: Unknown block 'byg:shulkren_phylium' in 'matchBlocks' element 'byg:shulkren_phylium' at index 6 in file 'minecraft:optifine/ctm/_overlays/02_shadow_grass/shadow_grass.properties' in pack 'fabric'
[19:59:31] [Worker-Main-12/WARN]: Unknown block 'byg:ivis_phylium' in 'matchBlocks' element 'byg:ivis_phylium' at index 4 in file 'minecraft:optifine/ctm/_overlays/01_end_mycelium/end_mycelium.properties' in pack 'fabric'
[19:59:31] [Worker-Main-12/WARN]: Unknown block 'byg:vermilion_sculk' in 'matchBlocks' element 'byg:vermilion_sculk' at index 5 in file 'minecraft:optifine/ctm/_overlays/01_end_mycelium/end_mycelium.properties' in pack 'fabric'
[19:59:31] [Worker-Main-12/WARN]: Unknown block 'byg:shulkren_phylium' in 'matchBlocks' element 'byg:shulkren_phylium' at index 6 in file 'minecraft:optifine/ctm/_overlays/01_end_mycelium/end_mycelium.properties' in pack 'fabric'
[19:59:31] [Worker-Main-12/WARN]: Unknown block 'byg:ivis_phylium' in 'matchBlocks' element 'byg:ivis_phylium' at index 2 in file 'minecraft:optifine/ctm/_overlays/00_cave_moss/cave_moss.properties' in pack 'fabric'
[19:59:31] [Worker-Main-12/WARN]: Unknown block 'byg:vermilion_sculk' in 'matchBlocks' element 'byg:vermilion_sculk' at index 3 in file 'minecraft:optifine/ctm/_overlays/00_cave_moss/cave_moss.properties' in pack 'fabric'
[19:59:31] [Worker-Main-12/WARN]: Unknown block 'byg:shulkren_phylium' in 'matchBlocks' element 'byg:shulkren_phylium' at index 4 in file 'minecraft:optifine/ctm/_overlays/00_cave_moss/cave_moss.properties' in pack 'fabric'
[19:59:31] [Worker-Main-6/INFO]: Found unifont_all_no_pua-15.0.06.hex, loading
[19:59:31] [Worker-Main-2/WARN]: Invalid path in datapack: minecraft:models/item/bucket_lava - Copia.json, ignoring
[19:59:32] [Render thread/INFO]: Checking for Distant Horizons [STABLE] update for MC [1.20.1]...
[19:59:32] [Render thread/INFO]: Distant Horizons already up to date.
[19:59:32] [Render thread/INFO]: Creating pipeline for dimension minecraft:overworld
[19:59:32] [Worker-Main-10/ERROR]: [citresewn] Warning: minecraft:mace is not in the item registry @L2 in minecraft:optifine/cit/mace/mace.properties from file/Enchantment Glows 1.9 1.20.x.zip
[19:59:32] [Worker-Main-10/ERROR]: {citresewn} Errored while parsing CIT: Cannot resolve path @L3 in minecraft:optifine/cit/mace/mace.properties from file/Enchantment Glows 1.9 1.20.x.zip
[19:59:32] [Worker-Main-10/INFO]: [citresewn] Loading item CIT models...
[19:59:32] [Worker-Main-22/WARN]: Unused frames in sprite minecraft:entity/conduit/wind: [22, 23, 24, 25, 26, 27, 28, 29, 30, 31]
[19:59:32] [Worker-Main-16/WARN]: Unused frames in sprite minecraft:entity/conduit/wind_vertical: [22, 23, 24, 25, 26, 27, 28, 29, 30, 31]
[19:59:32] [Worker-Main-3/WARN]: Texture minecraft:block/bamboo_block_top with size 8x8 limits mip level from 4 to 3
[19:59:32] [Worker-Main-3/WARN]: Texture minecraft:item/spyglass_model with size 4x4 limits mip level from 3 to 2
[19:59:32] [Worker-Main-3/WARN]: minecraft:textures/atlas/blocks.png: dropping miplevel from 4 to 2, because of minimum power of two: 4
[19:59:33] [Worker-Main-10/INFO]: MODEFITE: loading models
[19:59:33] [Worker-Main-10/WARN]: Unable to load model: 'minecraft:item/copper_chestplate' referenced from: minecraft:item/copper_chestplate: java.io.FileNotFoundException: minecraft:models/item/copper_chestplate.json
[19:59:33] [Worker-Main-10/WARN]: Unable to load model: 'minecraft:item/copper_boots' referenced from: minecraft:item/copper_boots: java.io.FileNotFoundException: minecraft:models/item/copper_boots.json
[19:59:33] [Worker-Main-10/WARN]: Unable to load model: 'minecraft:item/copper_leggings' referenced from: minecraft:item/copper_leggings: java.io.FileNotFoundException: minecraft:models/item/copper_leggings.json
[19:59:33] [Worker-Main-10/WARN]: Unable to load model: 'minecraft:item/elytra_broken' referenced from: minecraft:item/elytra_broken: java.io.FileNotFoundException: minecraft:models/item/elytra_broken.json
[19:59:33] [Worker-Main-10/WARN]: Unable to load model: 'minecraft:item/copper_helmet' referenced from: minecraft:item/copper_helmet: java.io.FileNotFoundException: minecraft:models/item/copper_helmet.json
[19:59:33] [Render thread/INFO]: Running Delayed setup...
[19:59:33] [Render thread/INFO]: Delayed setup complete, firing DhApiAfterDhInitEvent event...
[19:59:33] [Render thread/INFO]: DH Ready, binding Iris event handlers...
[19:59:33] [Render thread/INFO]: DH Iris events bound.
[19:59:33] [DH-PostClientInit Thread/INFO]: Setting DH Rendering API to: [OPEN_GL]...
[19:59:33] [DH-PostClientInit Thread/INFO]: DH Rendering successfully bound to: [OpenGL]...
[19:59:33] [Render thread/INFO]: Start loading plugin from Jade
[19:59:33] [Render thread/INFO]: Start loading plugin from Jade
[19:59:33] [Render thread/INFO]: Start loading plugin from Jade
[19:59:33] [Render thread/INFO]: Registering Ponder Scenes took 206.3 ms
[19:59:33] [Render thread/INFO]: Registering Ponder Tags took 7.969 ms
[19:59:33] [Render thread/INFO]: Loading Xaero's World Map - Stage 2/2
[19:59:33] [Render thread/INFO]: New world map region cache hash code: 1823436283
[19:59:34] [Render thread/INFO]: Registered player tracker system: map_synced
[19:59:34] [Render thread/INFO]: Xaero's WorldMap Mod: Xaero's minimap found!
[19:59:34] [Render thread/INFO]: Registered player tracker system: minimap_synced
[19:59:34] [Render thread/INFO]: No Optifine!
[19:59:34] [Render thread/INFO]: Xaero's World Map: No Vivecraft!
[19:59:34] [Render thread/INFO]: Xaero's World Map: Iris found!
[19:59:34] [Render thread/INFO]: Loading Xaero's Minimap - Stage 2/2
[19:59:35] [Render thread/INFO]: Registered player tracker system: minimap_synced
[19:59:35] [Render thread/INFO]: Loaded AmbientEngine 'basic' v3.2.5. 11 dimension(s), 11 features, 11 blockgroups, 2 sound collections, 38 regions, 60 sounds, 12 sound categories, 7 solids and 2 biome types
[19:59:36] [Render thread/WARN]: Invalid path in datapack: minecraft:models/item/bucket_lava - Copia.json, ignoring
[19:59:37] [Render thread/INFO]: [STDOUT]: InvGUI Initialized
[19:59:37] [Render thread/INFO]: Profile: Custom (+16 options changed by user)
[19:59:37] [Worker-Main-10/INFO]: [citresewn] Linking baked models to item CITs...
[19:59:38] [Render thread/INFO]: Using shaderpack: Derivative Main d24.4.4.zip
[19:59:38] [Render thread/INFO]: Loading XaeroLib common 2/2!
[19:59:38] [Render thread/INFO]: Loading XaeroLib client 2/2!
[19:59:39] [Render thread/WARN]: Invalid path in datapack: minecraft:models/item/bucket_lava - Copia.json, ignoring
[19:59:39] [Render thread/WARN]: Missing sound for event: minecraft:item.goat_horn.play
[19:59:39] [Render thread/WARN]: Missing sound for event: minecraft:entity.goat.screaming.horn_break
[19:59:40] [Render thread/INFO]: OpenAL initialized on device OpenAL Soft on Speakers (Realtek(R) Audio)
[19:59:40] [Render thread/INFO]: Sound engine started
[19:59:40] [Render thread/INFO]: Created: 2048x2048x2 minecraft:textures/atlas/blocks.png-atlas
[19:59:40] [Render thread/INFO]: Created: 512x512x4 minecraft:textures/atlas/signs.png-atlas
[19:59:40] [Render thread/INFO]: Created: 512x512x4 minecraft:textures/atlas/banner_patterns.png-atlas
[19:59:40] [Render thread/INFO]: Created: 512x512x4 minecraft:textures/atlas/shield_patterns.png-atlas
[19:59:40] [Render thread/INFO]: Created: 2048x1024x4 minecraft:textures/atlas/armor_trims.png-atlas
[19:59:40] [Render thread/INFO]: Created: 1024x512x4 minecraft:textures/atlas/chest.png-atlas
[19:59:40] [Render thread/INFO]: Created: 128x64x4 minecraft:textures/atlas/decorated_pot.png-atlas
[19:59:40] [Render thread/INFO]: Created: 256x128x4 minecraft:textures/atlas/shulker_boxes.png-atlas
[19:59:40] [Render thread/INFO]: Created: 512x256x4 minecraft:textures/atlas/beds.png-atlas
[19:59:40] [Render thread/INFO]: [ETF]: emissive suffixes loaded: [_e]
[19:59:41] [Render thread/WARN]: Shader rendertype_entity_translucent_emissive could not find sampler named Sampler2 in the specified shader program.
[19:59:41] [Render thread/INFO]: Created: 2048x1024x0 minecraft:textures/atlas/particles.png-atlas
[19:59:41] [Render thread/INFO]: Created: 128x128x0 minecraft:textures/atlas/paintings.png-atlas
[19:59:41] [Render thread/INFO]: Created: 256x256x0 minecraft:textures/atlas/mob_effects.png-atlas
[19:59:41] [Render thread/INFO]: Created: 256x256x0 jei:textures/atlas/gui.png-atlas
[19:59:42] [Render thread/INFO]: Loaded 56 train hat configurations.
[19:59:42] [Render thread/INFO]: Loaded 77 shader sources in 30.287 ms
[19:59:43] [Render thread/WARN]: Invalid path in datapack: minecraft:models/item/bucket_lava - Copia.json, ignoring
[19:59:43] [Render thread/INFO]: Successfully reloaded the XaeroLib shaders!
[19:59:43] [Render thread/INFO]: Successfully loaded image 'zoomify:textures/demo/third-person-hud.webp'
[19:59:43] [Render thread/INFO]: Successfully loaded image 'zoomify:textures/demo/third-person-view.webp'
[19:59:43] [Render thread/INFO]: Successfully loaded image 'zoomify:textures/demo/zoom-hand.webp'
[19:59:43] [Render thread/INFO]: Successfully loaded image 'zoomify:textures/demo/zoom-world.webp'
[19:59:43] [Render thread/INFO]: [ETF]: reloading ETF data.
[19:59:43] [Render thread/INFO]: [ETF]: emissive suffixes loaded: [_e]
[19:59:44] [Render thread/WARN]: Invalid path in datapack: minecraft:models/item/bucket_lava - Copia.json, ignoring
[19:59:46] [Render thread/ERROR]: Signature is missing from Property textures
[19:59:46] [Render thread/WARN]: Shader cabb2374eda405e66b897908637abd1da5deac52 could not find uniform named subpixel_amount in the specified shader program.
[19:59:48] [Render thread/ERROR]: Signature is missing from Property textures
[19:59:55] [Render thread/ERROR]: [worlds_together] Tried to read from global registry!
[19:59:55] [Render thread/ERROR]: [worlds_together] Tried to read from global registry!
[19:59:55] [Render thread/ERROR]: [worlds_together] No valid registry found!
[19:59:55] [Render thread/ERROR]: [worlds_together] Unable to read name in jar:file:///C:/Users/Admin/Desktop/.minecraft/versions/1.20.1-Fabric%200.19.5-OptiFine_I6/mods/Essential_1-4-1-1_fabric_1-20-1.jar
[19:59:55] [Render thread/ERROR]: [worlds_together] Unable to parse Version in jar:file:///C:/Users/Admin/Desktop/.minecraft/versions/1.20.1-Fabric%200.19.5-OptiFine_I6/mods/punchy-2.7e-fabric-1.20.1.jar
[19:59:55] [Render thread/INFO]: [DataFixerAPI] Ignoring Patch{betternether:5.3.5:21020677}
[19:59:55] [Render thread/INFO]: [DataFixerAPI] Ignoring Patch{betternether:8.2.2:33587202}
[19:59:55] [Render thread/INFO]: [DataFixerAPI] Ignoring Patch{betternether:9.0.1:37748737}
[19:59:55] [Render thread/INFO]: [DataFixerAPI] Ignoring Patch{bclib:3.0.11:12582923}
[19:59:55] [Render thread/INFO]: [bclib] Running Pre Patchers on C:\Users\Admin\Desktop\.minecraft\versions\1.20.1-Fabric 0.19.5-OptiFine_I6\saves\新的世界 (1)\.
[19:59:55] [Render thread/INFO]: [DataFixerAPI] Everything up to date
[19:59:55] [Render thread/INFO]: Created 309 recipes which will be injected into the game
[19:59:55] [Render thread/INFO]: Created 22 tags which will be injected into the game
[19:59:55] [Render thread/INFO]: [bclib] Did not manage biome betterend:empty_aurora_cave
[19:59:55] [Render thread/INFO]: [bclib] Did not manage biome betterend:empty_end_cave
[19:59:55] [Render thread/INFO]: [bclib] Did not manage biome betterend:empty_smaragdant_cave
[19:59:55] [Render thread/INFO]: [bclib] Did not manage biome betterend:jade_cave
[19:59:55] [Render thread/INFO]: [bclib] Did not manage biome betterend:lush_aurora_cave
[19:59:55] [Render thread/INFO]: [bclib] Did not manage biome betterend:lush_smaragdant_cave
[19:59:55] [Render thread/INFO]: [bclib] Did not manage biome betterend:megalake_grove
[19:59:55] [Render thread/INFO]: [bclib] Did not manage biome betterend:neon_oasis
[19:59:55] [Render thread/INFO]: [bclib] Did not manage biome betterend:painted_mountains
[19:59:55] [Render thread/INFO]: [bclib] Updating Pickers for BCLib - The End  BiomeSource (6f6ff619)
[19:59:55] [Render thread/INFO]: [bclib] Unable to build Biome List yet
[19:59:55] [Render thread/INFO]: [bclib] No Void Biomes found. Disabling by using barrens
[19:59:55] [Render thread/INFO]: [bclib] No Barrens Biomes found. Disabling by using land Biomes
[19:59:55] [Render thread/WARN]: [bclib] No Center Island Biomes found. Forcing use of vanilla center.
[19:59:55] [Render thread/INFO]: [bclib] Updating Pickers for BCLib - Nether BiomeSource (18eb9527)
[19:59:55] [Render thread/INFO]: [bclib] Unable to build Biome List yet
[19:59:55] [Render thread/INFO]: [bclib] Updating Pickers for BCLib - The End  BiomeSource (2d4b7eeb)
[19:59:55] [Render thread/INFO]: [bclib] Unable to build Biome List yet
[19:59:55] [Render thread/INFO]: [bclib] No Void Biomes found. Disabling by using barrens
[19:59:55] [Render thread/INFO]: [bclib] No Barrens Biomes found. Disabling by using land Biomes
[19:59:55] [Render thread/WARN]: [bclib] No Center Island Biomes found. Forcing use of vanilla center.
[19:59:55] [Render thread/INFO]: [bclib] Updating Pickers for BCLib - Nether BiomeSource (1ce33641)
[19:59:55] [Render thread/INFO]: [bclib] Unable to build Biome List yet
[19:59:55] [Render thread/INFO]: [bclib] Updating Pickers for BCLib - The End  BiomeSource (11ff15ab)
[19:59:55] [Render thread/INFO]: [bclib] Unable to build Biome List yet
[19:59:55] [Render thread/INFO]: [bclib] No Void Biomes found. Disabling by using barrens
[19:59:55] [Render thread/INFO]: [bclib] No Barrens Biomes found. Disabling by using land Biomes
[19:59:55] [Render thread/WARN]: [bclib] No Center Island Biomes found. Forcing use of vanilla center.
[19:59:55] [Render thread/INFO]: [bclib] Updating Pickers for BCLib - Nether BiomeSource (5f7fce47)
[19:59:55] [Render thread/INFO]: [bclib] Unable to build Biome List yet
[19:59:55] [Render thread/INFO]: [bclib] Updating Pickers for BCLib - The End  BiomeSource (1a63edac)
[19:59:55] [Render thread/INFO]: [bclib] Unable to build Biome List yet
[19:59:55] [Render thread/INFO]: [bclib] No Void Biomes found. Disabling by using barrens
[19:59:55] [Render thread/INFO]: [bclib] No Barrens Biomes found. Disabling by using land Biomes
[19:59:55] [Render thread/WARN]: [bclib] No Center Island Biomes found. Forcing use of vanilla center.
[19:59:55] [Render thread/INFO]: [bclib] Updating Pickers for BCLib - Nether BiomeSource (6e9dccc4)
[19:59:55] [Render thread/INFO]: [bclib] Unable to build Biome List yet
[19:59:56] [Render thread/INFO]: [betternether] Freeze Registry[ResourceKey[minecraft:root / worlds_together:worldgen/betterx/surface_rules] (Stable)]
[19:59:56] [Render thread/INFO]: [betternether] Freeze Registry[ResourceKey[minecraft:root / worlds_together:worldgen/betterx/surface_rules] (Stable)]
[19:59:56] [Render thread/INFO]: [betternether] Freeze Registry[ResourceKey[minecraft:root / worlds_together:worldgen/betterx/surface_rules] (Stable)]
[19:59:56] [Render thread/INFO]: [betternether] Freeze Registry[ResourceKey[minecraft:root / worlds_together:worldgen/betterx/surface_rules] (Stable)]
[19:59:56] [Render thread/WARN]: [bclib] No valid BCLBiome Registry available!
[19:59:56] [Render thread/WARN]: [bclib] No valid Biome Registry available!
[19:59:56] [Render thread/INFO]: [fabric-registry-sync] Loaded registry data [file 1/4]
[19:59:56] [Render thread/INFO]: [bclib] Updating Pickers for BCLib - The End  BiomeSource (7f779c38)
[19:59:56] [Render thread/INFO]: [bclib] Unable to build Biome List yet
[19:59:56] [Render thread/INFO]: [bclib] No Void Biomes found. Disabling by using barrens
[19:59:56] [Render thread/INFO]: [bclib] No Barrens Biomes found. Disabling by using land Biomes
[19:59:56] [Render thread/WARN]: [bclib] No Center Island Biomes found. Forcing use of vanilla center.
[19:59:56] [Render thread/INFO]: [bclib] Updating Pickers for BCLib - Nether BiomeSource (3d1a3542)
[19:59:56] [Render thread/INFO]: [bclib] Unable to build Biome List yet
[19:59:56] [Render thread/INFO]: [betternether] Freeze Registry[ResourceKey[minecraft:root / worlds_together:worldgen/betterx/surface_rules] (Stable)]
[19:59:56] [Render thread/INFO]: [betternether] Freeze Registry[ResourceKey[minecraft:root / worlds_together:worldgen/betterx/surface_rules] (Stable)]
[19:59:56] [Worker-Main-5/ERROR]: Couldn't load tag alexsmobs:pattern_for_australia_1 as it is missing following references: alexsmobs:australia_1 (from fabric)
[19:59:56] [Worker-Main-5/ERROR]: Couldn't load tag alexsmobs:pattern_for_brazil as it is missing following references: alexsmobs:brazil (from fabric)
[19:59:56] [Worker-Main-5/ERROR]: Couldn't load tag alexsmobs:pattern_for_australia_0 as it is missing following references: alexsmobs:australia_0 (from fabric)
[19:59:56] [Worker-Main-5/ERROR]: Couldn't load tag alexsmobs:pattern_for_bear as it is missing following references: alexsmobs:bear (from fabric)
[19:59:56] [Worker-Main-5/ERROR]: Couldn't load tag alexsmobs:pattern_for_new_mexico as it is missing following references: alexsmobs:new_mexico (from fabric)
[19:59:56] [Render thread/INFO]: [bclib] Disabling Recipe: bclib:test_star
[19:59:56] [Render thread/ERROR]: Parsing error loading recipe betterend:guide_book
com.google.gson.JsonSyntaxException: Unknown item 'betterend:guidebook'
	at net.minecraft.class_1869.method_17878(class_1869.java:272) ~[client-intermediary.jar:?]
	at java.util.Optional.orElseThrow(Optional.java:403) ~[?:?]
	at net.minecraft.class_1869.method_8155(class_1869.java:272) ~[client-intermediary.jar:?]
	at net.minecraft.class_1869.method_35228(class_1869.java:259) ~[client-intermediary.jar:?]
	at net.minecraft.class_1869$class_1870.method_8164(class_1869.java:293) ~[client-intermediary.jar:?]
	at net.minecraft.class_1869$class_1870.method_8121(class_1869.java:279) ~[client-intermediary.jar:?]
	at net.minecraft.class_1863.method_17720(class_1863.java:135) ~[client-intermediary.jar:?]
	at net.minecraft.class_1863.method_20705(class_1863.java:56) ~[client-intermediary.jar:?]
	at net.minecraft.class_1863.method_18788(class_1863.java:35) ~[client-intermediary.jar:?]
	at net.minecraft.class_4080.method_18790(class_4080.java:13) ~[client-intermediary.jar:?]
	at java.util.concurrent.CompletableFuture$UniAccept.tryFire(CompletableFuture.java:718) ~[?:?]
	at java.util.concurrent.CompletableFuture$Completion.run(CompletableFuture.java:482) ~[?:?]
	at net.minecraft.class_4014.method_18365(class_4014.java:69) ~[client-intermediary.jar:?]
	at net.minecraft.class_1255.method_18859(class_1255.java:156) ~[client-intermediary.jar:?]
	at net.minecraft.class_4093.method_18859(class_4093.java:23) ~[client-intermediary.jar:?]
	at net.minecraft.class_1255.method_16075(class_1255.java:130) ~[client-intermediary.jar:?]
	at net.minecraft.class_1255.method_18857(class_1255.java:139) ~[client-intermediary.jar:?]
	at net.minecraft.class_7196.method_45694(class_7196.java:188) ~[client-intermediary.jar:?]
	at net.minecraft.class_7196.method_41891(class_7196.java:123) ~[client-intermediary.jar:?]
	at net.minecraft.class_7196.method_41899(class_7196.java:202) ~[client-intermediary.jar:?]
	at net.minecraft.class_7196.method_41894(class_7196.java:64) ~[client-intermediary.jar:?]
	at net.minecraft.class_528$class_4272.method_20174(class_528.java:590) ~[client-intermediary.jar:?]
	at net.minecraft.class_528$class_4272.method_20164(class_528.java:480) ~[client-intermediary.jar:?]
	at net.minecraft.class_528$class_4272.method_25402(class_528.java:402) ~[client-intermediary.jar:?]
	at net.minecraft.class_350.method_25402(class_350.java:327) ~[client-intermediary.jar:?]
	at net.minecraft.class_4069.method_25402(class_4069.java:38) ~[client-intermediary.jar:?]
	at net.minecraft.class_312.method_1611(class_312.java:98) ~[client-intermediary.jar:?]
	at net.minecraft.class_437.method_25412(class_437.java:409) ~[client-intermediary.jar:?]
	at net.minecraft.class_312.method_1601(class_312.java:98) ~[client-intermediary.jar:?]
	at net.minecraft.class_312.method_22686(class_312.java:169) ~[client-intermediary.jar:?]
	at net.minecraft.class_1255.execute(class_1255.java:102) ~[client-intermediary.jar:?]
	at net.minecraft.class_312.method_22684(class_312.java:169) ~[client-intermediary.jar:?]
	at org.lwjgl.glfw.GLFWMouseButtonCallbackI.callback(GLFWMouseButtonCallbackI.java:43) ~[lwjgl-glfw-3.3.1.jar:?]
	at org.lwjgl.system.JNI.invokeV(Native Method) ~[lwjgl-3.3.1.jar:?]
	at org.lwjgl.glfw.GLFW.glfwPollEvents(GLFW.java:3403) ~[lwjgl-glfw-3.3.1.jar:?]
	at com.mojang.blaze3d.systems.RenderSystem.pollEvents(RenderSystem.java:201) ~[client-intermediary.jar:?]
	at com.mojang.blaze3d.systems.RenderSystem.flipFrame(RenderSystem.java:219) ~[client-intermediary.jar:?]
	at net.minecraft.class_1041.method_15998(class_1041.java:288) ~[client-intermediary.jar:?]
	at net.minecraft.class_310.method_1523(class_310.java:1241) ~[client-intermediary.jar:?]
	at net.minecraft.class_310.method_1514(class_310.java:802) ~[client-intermediary.jar:?]
	at net.minecraft.client.main.Main.main(Main.java:250) ~[1.20.1-Fabric%200.19.5-OptiFine_I6.jar:?]
	at net.fabricmc.loader.impl.game.minecraft.MinecraftGameProvider.launch(MinecraftGameProvider.java:517) ~[fabric-loader-0.19.5.jar:?]
	at net.fabricmc.loader.impl.launch.knot.Knot.launch(Knot.java:72) ~[fabric-loader-0.19.5.jar:?]
	at net.fabricmc.loader.impl.launch.knot.KnotClient.main(KnotClient.java:23) ~[fabric-loader-0.19.5.jar:?]
[19:59:56] [Render thread/INFO]: Loaded 33 recipes
[19:59:56] [Render thread/ERROR]: Parsing error loading custom advancement alexsmobs:alexsmobs/novelty_hat: Expected item to be an item, was unknown string 'alexsmobs:fancy_item'
[19:59:56] [Render thread/ERROR]: Parsing error loading custom advancement alexsmobs:alexsmobs/falconry_glove: Expected item to be an item, was unknown string 'alexsmobs:fancy_item'
[19:59:56] [Render thread/ERROR]: Parsing error loading custom advancement alexsmobs:alexsmobs/hemolymph_blaster: Expected item to be an item, was unknown string 'alexsmobs:fancy_item'
[19:59:56] [Render thread/ERROR]: Parsing error loading custom advancement alexsmobs:alexsmobs/ender_flu: Expected item to be an item, was unknown string 'alexsmobs:effect_item'
[19:59:56] [Render thread/ERROR]: Parsing error loading custom advancement alexsmobs:alexsmobs/skelewag_skull: Expected item to be an item, was unknown string 'alexsmobs:fancy_item'
[19:59:56] [Render thread/ERROR]: Parsing error loading custom advancement alexsmobs:alexsmobs/dimensional_carver: Expected item to be an item, was unknown string 'alexsmobs:fancy_item'
[19:59:56] [Render thread/ERROR]: Parsing error loading custom advancement alexsmobs:alexsmobs/pocket_sand: Expected item to be an item, was unknown string 'alexsmobs:fancy_item'
[19:59:56] [Render thread/ERROR]: Parsing error loading custom advancement alexsmobs:alexsmobs/sopa_de_macaco: Expected item to be an item, was unknown string 'alexsmobs:fancy_item'
[19:59:56] [Render thread/ERROR]: Parsing error loading custom advancement alexsmobs:alexsmobs/crimson_mosquito_sick: Expected item to be an item, was unknown string 'alexsmobs:fancy_item'
[19:59:57] [Render thread/ERROR]: Couldn't load advancement alexsmobs:alexsmobs/transmutation_table: Task Advancement{parentId=alexsmobs:alexsmobs/farseer, display=net.minecraft.class_185@9962b18, rewards=AdvancementRewards{experience=0, loot=[], recipes=[], function=net.minecraft.class_2158$class_2159@58097872}, criteria={sopa_de_macaco=net.minecraft.class_175@4c30d4c6}, requirements=[[sopa_de_macaco]], sends_telemetry_event=false}
[19:59:57] [Render thread/ERROR]: Couldn't load advancement alexsmobs:alexsmobs/farseer: Task Advancement{parentId=alexsmobs:alexsmobs/shattered_dimensional_carver, display=net.minecraft.class_185@56064fb5, rewards=AdvancementRewards{experience=0, loot=[], recipes=[], function=net.minecraft.class_2158$class_2159@58097872}, criteria={killed_by=net.minecraft.class_175@1c5a2757, interact=net.minecraft.class_175@65d74f63, killed=net.minecraft.class_175@5b9ae598}, requirements=[[killed, killed_by, interact]], sends_telemetry_event=false}
[19:59:57] [Render thread/ERROR]: Couldn't load advancement alexsmobs:alexsmobs/shattered_dimensional_carver: Task Advancement{parentId=alexsmobs:alexsmobs/dimensional_carver, display=net.minecraft.class_185@2ddb6ff0, rewards=AdvancementRewards{experience=0, loot=[], recipes=[], function=net.minecraft.class_2158$class_2159@58097872}, criteria={dimensional_carver=net.minecraft.class_175@21e1e9f6}, requirements=[[dimensional_carver]], sends_telemetry_event=false}
[19:59:57] [Render thread/ERROR]: Couldn't load advancement alexsmobs:alexsmobs/falconry_hood: Task Advancement{parentId=alexsmobs:alexsmobs/falconry_glove, display=net.minecraft.class_185@757de49c, rewards=AdvancementRewards{experience=0, loot=[], recipes=[], function=net.minecraft.class_2158$class_2159@58097872}, criteria={falconry_hood=net.minecraft.class_175@5bfd0d9c}, requirements=[[falconry_hood]], sends_telemetry_event=false}
[19:59:57] [Render thread/ERROR]: Couldn't load advancement alexsmobs:alexsmobs/warped_mosco_kill: Task Advancement{parentId=alexsmobs:alexsmobs/crimson_mosquito_sick, display=net.minecraft.class_185@24505f11, rewards=AdvancementRewards{experience=0, loot=[], recipes=[], function=net.minecraft.class_2158$class_2159@58097872}, criteria={killed=net.minecraft.class_175@17f237ea}, requirements=[[killed]], sends_telemetry_event=false}
[19:59:57] [Render thread/ERROR]: Couldn't load advancement alexsmobs:alexsmobs/transmute_1000_items: Task Advancement{parentId=alexsmobs:alexsmobs/transmutation_table, display=net.minecraft.class_185@3de168c8, rewards=AdvancementRewards{experience=0, loot=[], recipes=[], function=net.minecraft.class_2158$class_2159@58097872}, criteria={ex=net.minecraft.class_175@3baa45f9}, requirements=[[ex]], sends_telemetry_event=false}
[19:59:57] [Render thread/ERROR]: Couldn't load advancement alexsmobs:alexsmobs/bald_eagle_challenge: Task Advancement{parentId=alexsmobs:alexsmobs/falconry_hood, display=net.minecraft.class_185@54e0f092, rewards=AdvancementRewards{experience=0, loot=[], recipes=[], function=net.minecraft.class_2158$class_2159@58097872}, criteria={ex=net.minecraft.class_175@3d0ce27a}, requirements=[[ex]], sends_telemetry_event=false}
[19:59:57] [Render thread/INFO]: Loaded 4446 advancements
[19:59:59] [Render thread/INFO]: [bclib] Updating Pickers for BCLib - The End  BiomeSource (65c6814a)
[19:59:59] [Render thread/INFO]: [bclib] Updating Pickers for BCLib - Nether BiomeSource (4b3ac03f)
[19:59:59] [Render thread/INFO]: [bclib] Enforcing Correct Generator for minecraft:the_nether.
[19:59:59] [Render thread/INFO]: [bclib] Updating Pickers for BCLib - Nether BiomeSource (4b3ac03f)
[19:59:59] [Render thread/INFO]: [bclib] Enforcing Correct Generator for minecraft:the_end.
[19:59:59] [Render thread/INFO]: [bclib] Updating Pickers for BCLib - The End  BiomeSource (65c6814a)
[19:59:59] [Render thread/INFO]: [worlds_together] Loading originally configured Dimensions in World.
[19:59:59] [Render thread/INFO]: [betternether] Freeze Registry[ResourceKey[minecraft:root / worlds_together:worldgen/betterx/surface_rules] (Stable)]
[19:59:59] [Render thread/WARN]: Citadel: could not invoke BackupConfirmScreen.onProceed.proceed
java.lang.NoSuchFieldException: listener
	at java.lang.Class.getDeclaredField(Class.java:2610) ~[?:?]
	at com.github.alexthe666.citadel.ClientProxy.lambda$onClientInit$9(ClientProxy.java:152) ~[citadelfabric-1.20.1-1.1.0.jar:?]
	at net.fabricmc.fabric.api.client.screen.v1.ScreenEvents.lambda$static$0(ScreenEvents.java:74) ~[fabric-screen-api-v1-2.0.9+1802ada577-18f697155e4e49f8.jar:?]
	at net.minecraft.class_437.beforeInit(class_437.java:2795) ~[client-intermediary.jar:?]
	at net.minecraft.class_437.handler$cpl000$fabric-screen-api-v1$beforeInitScreen(class_437.java:2748) ~[client-intermediary.jar:?]
	at net.minecraft.class_437.method_25423(class_437.java) ~[client-intermediary.jar:?]
	at net.minecraft.class_310.method_1507(class_310.java:1080) ~[client-intermediary.jar:?]
	at net.minecraft.class_7196.method_41898(class_7196.java:280) ~[client-intermediary.jar:?]
	at net.minecraft.class_7196.method_41899(class_7196.java:220) ~[client-intermediary.jar:?]
	at net.minecraft.class_7196.method_41894(class_7196.java:64) ~[client-intermediary.jar:?]
	at net.minecraft.class_528$class_4272.method_20174(class_528.java:590) ~[client-intermediary.jar:?]
	at net.minecraft.class_528$class_4272.method_20164(class_528.java:480) ~[client-intermediary.jar:?]
	at net.minecraft.class_528$class_4272.method_25402(class_528.java:402) ~[client-intermediary.jar:?]
	at net.minecraft.class_350.method_25402(class_350.java:327) ~[client-intermediary.jar:?]
	at net.minecraft.class_4069.method_25402(class_4069.java:38) ~[client-intermediary.jar:?]
	at net.minecraft.class_312.method_1611(class_312.java:98) ~[client-intermediary.jar:?]
	at net.minecraft.class_437.method_25412(class_437.java:409) ~[client-intermediary.jar:?]
	at net.minecraft.class_312.method_1601(class_312.java:98) ~[client-intermediary.jar:?]
	at net.minecraft.class_312.method_22686(class_312.java:169) ~[client-intermediary.jar:?]
	at net.minecraft.class_1255.execute(class_1255.java:102) ~[client-intermediary.jar:?]
	at net.minecraft.class_312.method_22684(class_312.java:169) ~[client-intermediary.jar:?]
	at org.lwjgl.glfw.GLFWMouseButtonCallbackI.callback(GLFWMouseButtonCallbackI.java:43) ~[lwjgl-glfw-3.3.1.jar:?]
	at org.lwjgl.system.JNI.invokeV(Native Method) ~[lwjgl-3.3.1.jar:?]
	at org.lwjgl.glfw.GLFW.glfwPollEvents(GLFW.java:3403) ~[lwjgl-glfw-3.3.1.jar:?]
	at com.mojang.blaze3d.systems.RenderSystem.pollEvents(RenderSystem.java:201) ~[client-intermediary.jar:?]
	at com.mojang.blaze3d.systems.RenderSystem.flipFrame(RenderSystem.java:219) ~[client-intermediary.jar:?]
	at net.minecraft.class_1041.method_15998(class_1041.java:288) ~[client-intermediary.jar:?]
	at net.minecraft.class_310.method_1523(class_310.java:1241) ~[client-intermediary.jar:?]
	at net.minecraft.class_310.method_1514(class_310.java:802) ~[client-intermediary.jar:?]
	at net.minecraft.client.main.Main.main(Main.java:250) ~[1.20.1-Fabric%200.19.5-OptiFine_I6.jar:?]
	at net.fabricmc.loader.impl.game.minecraft.MinecraftGameProvider.launch(MinecraftGameProvider.java:517) ~[fabric-loader-0.19.5.jar:?]
	at net.fabricmc.loader.impl.launch.knot.Knot.launch(Knot.java:72) ~[fabric-loader-0.19.5.jar:?]
	at net.fabricmc.loader.impl.launch.knot.KnotClient.main(KnotClient.java:23) ~[fabric-loader-0.19.5.jar:?]
[20:00:03] [Render thread/INFO]: Created 309 recipes which will be injected into the game
[20:00:03] [Render thread/INFO]: Created 22 tags which will be injected into the game
[20:00:03] [Render thread/INFO]: [bclib] Did not manage biome betterend:empty_aurora_cave
[20:00:03] [Render thread/INFO]: [bclib] Did not manage biome betterend:empty_end_cave
[20:00:03] [Render thread/INFO]: [bclib] Did not manage biome betterend:empty_smaragdant_cave
[20:00:03] [Render thread/INFO]: [bclib] Did not manage biome betterend:jade_cave
[20:00:03] [Render thread/INFO]: [bclib] Did not manage biome betterend:lush_aurora_cave
[20:00:03] [Render thread/INFO]: [bclib] Did not manage biome betterend:lush_smaragdant_cave
[20:00:03] [Render thread/INFO]: [bclib] Did not manage biome betterend:megalake_grove
[20:00:03] [Render thread/INFO]: [bclib] Did not manage biome betterend:neon_oasis
[20:00:03] [Render thread/INFO]: [bclib] Did not manage biome betterend:painted_mountains
[20:00:03] [Render thread/INFO]: [bclib] Updating Pickers for BCLib - The End  BiomeSource (52b78404)
[20:00:03] [Render thread/INFO]: [bclib] Updating Pickers for BCLib - Nether BiomeSource (3bc34cd2)
[20:00:03] [Render thread/INFO]: [bclib] Updating Pickers for BCLib - The End  BiomeSource (3ea75aea)
[20:00:03] [Render thread/INFO]: [bclib] Updating Pickers for BCLib - Nether BiomeSource (d4af4c8)
[20:00:03] [Render thread/INFO]: [bclib] Updating Pickers for BCLib - The End  BiomeSource (733edfc4)
[20:00:03] [Render thread/INFO]: [bclib] Updating Pickers for BCLib - Nether BiomeSource (6f118420)
[20:00:03] [Render thread/INFO]: [bclib] Updating Pickers for BCLib - The End  BiomeSource (5761922d)
[20:00:03] [Render thread/INFO]: [bclib] Updating Pickers for BCLib - Nether BiomeSource (3b81c4b7)
[20:00:03] [Render thread/INFO]: [betternether] Freeze Registry[ResourceKey[minecraft:root / worlds_together:worldgen/betterx/surface_rules] (Stable)]
[20:00:03] [Render thread/INFO]: [betternether] Freeze Registry[ResourceKey[minecraft:root / worlds_together:worldgen/betterx/surface_rules] (Stable)]
[20:00:03] [Render thread/INFO]: [betternether] Freeze Registry[ResourceKey[minecraft:root / worlds_together:worldgen/betterx/surface_rules] (Stable)]
[20:00:03] [Render thread/INFO]: [betternether] Freeze Registry[ResourceKey[minecraft:root / worlds_together:worldgen/betterx/surface_rules] (Stable)]
[20:00:03] [Render thread/WARN]: [bclib] No valid BCLBiome Registry available!
[20:00:03] [Render thread/WARN]: [bclib] No valid Biome Registry available!
[20:00:03] [Render thread/INFO]: [fabric-registry-sync] Loaded registry data [file 1/4]
[20:00:03] [Render thread/INFO]: [bclib] Updating Pickers for BCLib - The End  BiomeSource (720fe209)
[20:00:03] [Render thread/INFO]: [bclib] Updating Pickers for BCLib - Nether BiomeSource (4ac12b87)
[20:00:03] [Render thread/INFO]: [betternether] Freeze Registry[ResourceKey[minecraft:root / worlds_together:worldgen/betterx/surface_rules] (Stable)]
[20:00:03] [Render thread/INFO]: [betternether] Freeze Registry[ResourceKey[minecraft:root / worlds_together:worldgen/betterx/surface_rules] (Stable)]
[20:00:03] [Worker-Main-10/ERROR]: Couldn't load tag alexsmobs:pattern_for_australia_1 as it is missing following references: alexsmobs:australia_1 (from fabric)
[20:00:03] [Worker-Main-10/ERROR]: Couldn't load tag alexsmobs:pattern_for_brazil as it is missing following references: alexsmobs:brazil (from fabric)
[20:00:03] [Worker-Main-10/ERROR]: Couldn't load tag alexsmobs:pattern_for_australia_0 as it is missing following references: alexsmobs:australia_0 (from fabric)
[20:00:03] [Worker-Main-10/ERROR]: Couldn't load tag alexsmobs:pattern_for_bear as it is missing following references: alexsmobs:bear (from fabric)
[20:00:03] [Worker-Main-10/ERROR]: Couldn't load tag alexsmobs:pattern_for_new_mexico as it is missing following references: alexsmobs:new_mexico (from fabric)
[20:00:03] [Render thread/INFO]: [bclib] Disabling Recipe: bclib:test_star
[20:00:03] [Render thread/ERROR]: Parsing error loading recipe betterend:guide_book
com.google.gson.JsonSyntaxException: Unknown item 'betterend:guidebook'
	at net.minecraft.class_1869.method_17878(class_1869.java:272) ~[client-intermediary.jar:?]
	at java.util.Optional.orElseThrow(Optional.java:403) ~[?:?]
	at net.minecraft.class_1869.method_8155(class_1869.java:272) ~[client-intermediary.jar:?]
	at net.minecraft.class_1869.method_35228(class_1869.java:259) ~[client-intermediary.jar:?]
	at net.minecraft.class_1869$class_1870.method_8164(class_1869.java:293) ~[client-intermediary.jar:?]
	at net.minecraft.class_1869$class_1870.method_8121(class_1869.java:279) ~[client-intermediary.jar:?]
	at net.minecraft.class_1863.method_17720(class_1863.java:135) ~[client-intermediary.jar:?]
	at net.minecraft.class_1863.method_20705(class_1863.java:56) ~[client-intermediary.jar:?]
	at net.minecraft.class_1863.method_18788(class_1863.java:35) ~[client-intermediary.jar:?]
	at net.minecraft.class_4080.method_18790(class_4080.java:13) ~[client-intermediary.jar:?]
	at java.util.concurrent.CompletableFuture$UniAccept.tryFire(CompletableFuture.java:718) ~[?:?]
	at java.util.concurrent.CompletableFuture$Completion.run(CompletableFuture.java:482) ~[?:?]
	at net.minecraft.class_4014.method_18365(class_4014.java:69) ~[client-intermediary.jar:?]
	at net.minecraft.class_1255.method_18859(class_1255.java:156) ~[client-intermediary.jar:?]
	at net.minecraft.class_4093.method_18859(class_4093.java:23) ~[client-intermediary.jar:?]
	at net.minecraft.class_1255.method_16075(class_1255.java:130) ~[client-intermediary.jar:?]
	at net.minecraft.class_1255.method_18857(class_1255.java:139) ~[client-intermediary.jar:?]
	at net.minecraft.class_7196.method_45694(class_7196.java:188) ~[client-intermediary.jar:?]
	at net.minecraft.class_7196.method_41891(class_7196.java:123) ~[client-intermediary.jar:?]
	at net.minecraft.class_7196.method_41899(class_7196.java:202) ~[client-intermediary.jar:?]
	at net.minecraft.class_7196.method_41897(class_7196.java:220) ~[client-intermediary.jar:?]
	at net.minecraft.class_7196.method_41896(class_7196.java:286) ~[client-intermediary.jar:?]
	at net.minecraft.class_405.method_19792(class_405.java:36) ~[client-intermediary.jar:?]
	at net.minecraft.class_4185.method_25306(class_4185.java:94) ~[client-intermediary.jar:?]
	at net.minecraft.class_4264.method_25348(class_4264.java:56) ~[client-intermediary.jar:?]
	at net.minecraft.class_339.method_25402(class_339.java:189) ~[client-intermediary.jar:?]
	at net.minecraft.class_4069.method_25402(class_4069.java:38) ~[client-intermediary.jar:?]
	at net.minecraft.class_312.method_1611(class_312.java:98) ~[client-intermediary.jar:?]
	at net.minecraft.class_437.method_25412(class_437.java:409) ~[client-intermediary.jar:?]
	at net.minecraft.class_312.method_1601(class_312.java:98) ~[client-intermediary.jar:?]
	at net.minecraft.class_312.method_22686(class_312.java:169) ~[client-intermediary.jar:?]
	at net.minecraft.class_1255.execute(class_1255.java:102) ~[client-intermediary.jar:?]
	at net.minecraft.class_312.method_22684(class_312.java:169) ~[client-intermediary.jar:?]
	at org.lwjgl.glfw.GLFWMouseButtonCallbackI.callback(GLFWMouseButtonCallbackI.java:43) ~[lwjgl-glfw-3.3.1.jar:?]
	at org.lwjgl.system.JNI.invokeV(Native Method) ~[lwjgl-3.3.1.jar:?]
	at org.lwjgl.glfw.GLFW.glfwPollEvents(GLFW.java:3403) ~[lwjgl-glfw-3.3.1.jar:?]
	at com.mojang.blaze3d.systems.RenderSystem.pollEvents(RenderSystem.java:201) ~[client-intermediary.jar:?]
	at com.mojang.blaze3d.systems.RenderSystem.flipFrame(RenderSystem.java:219) ~[client-intermediary.jar:?]
	at net.minecraft.class_1041.method_15998(class_1041.java:288) ~[client-intermediary.jar:?]
	at net.minecraft.class_310.method_1523(class_310.java:1241) ~[client-intermediary.jar:?]
	at net.minecraft.class_310.method_1514(class_310.java:802) ~[client-intermediary.jar:?]
	at net.minecraft.client.main.Main.main(Main.java:250) ~[1.20.1-Fabric%200.19.5-OptiFine_I6.jar:?]
	at net.fabricmc.loader.impl.game.minecraft.MinecraftGameProvider.launch(MinecraftGameProvider.java:517) ~[fabric-loader-0.19.5.jar:?]
	at net.fabricmc.loader.impl.launch.knot.Knot.launch(Knot.java:72) ~[fabric-loader-0.19.5.jar:?]
	at net.fabricmc.loader.impl.launch.knot.KnotClient.main(KnotClient.java:23) ~[fabric-loader-0.19.5.jar:?]
[20:00:03] [Render thread/INFO]: Loaded 33 recipes
[20:00:03] [Render thread/ERROR]: Parsing error loading custom advancement alexsmobs:alexsmobs/novelty_hat: Expected item to be an item, was unknown string 'alexsmobs:fancy_item'
[20:00:03] [Render thread/ERROR]: Parsing error loading custom advancement alexsmobs:alexsmobs/falconry_glove: Expected item to be an item, was unknown string 'alexsmobs:fancy_item'
[20:00:03] [Render thread/ERROR]: Parsing error loading custom advancement alexsmobs:alexsmobs/hemolymph_blaster: Expected item to be an item, was unknown string 'alexsmobs:fancy_item'
[20:00:03] [Render thread/ERROR]: Parsing error loading custom advancement alexsmobs:alexsmobs/ender_flu: Expected item to be an item, was unknown string 'alexsmobs:effect_item'
[20:00:03] [Render thread/ERROR]: Parsing error loading custom advancement alexsmobs:alexsmobs/skelewag_skull: Expected item to be an item, was unknown string 'alexsmobs:fancy_item'
[20:00:03] [Render thread/ERROR]: Parsing error loading custom advancement alexsmobs:alexsmobs/dimensional_carver: Expected item to be an item, was unknown string 'alexsmobs:fancy_item'
[20:00:03] [Render thread/ERROR]: Parsing error loading custom advancement alexsmobs:alexsmobs/pocket_sand: Expected item to be an item, was unknown string 'alexsmobs:fancy_item'
[20:00:03] [Render thread/ERROR]: Parsing error loading custom advancement alexsmobs:alexsmobs/sopa_de_macaco: Expected item to be an item, was unknown string 'alexsmobs:fancy_item'
[20:00:03] [Render thread/ERROR]: Parsing error loading custom advancement alexsmobs:alexsmobs/crimson_mosquito_sick: Expected item to be an item, was unknown string 'alexsmobs:fancy_item'
[20:00:03] [Render thread/ERROR]: Couldn't load advancement alexsmobs:alexsmobs/transmutation_table: Task Advancement{parentId=alexsmobs:alexsmobs/farseer, display=net.minecraft.class_185@5dd974cf, rewards=AdvancementRewards{experience=0, loot=[], recipes=[], function=net.minecraft.class_2158$class_2159@58097872}, criteria={sopa_de_macaco=net.minecraft.class_175@127051d5}, requirements=[[sopa_de_macaco]], sends_telemetry_event=false}
[20:00:03] [Render thread/ERROR]: Couldn't load advancement alexsmobs:alexsmobs/farseer: Task Advancement{parentId=alexsmobs:alexsmobs/shattered_dimensional_carver, display=net.minecraft.class_185@14b231a8, rewards=AdvancementRewards{experience=0, loot=[], recipes=[], function=net.minecraft.class_2158$class_2159@58097872}, criteria={killed_by=net.minecraft.class_175@45c2412, interact=net.minecraft.class_175@61fa9f27, killed=net.minecraft.class_175@39e81bfa}, requirements=[[killed, killed_by, interact]], sends_telemetry_event=false}
[20:00:03] [Render thread/ERROR]: Couldn't load advancement alexsmobs:alexsmobs/shattered_dimensional_carver: Task Advancement{parentId=alexsmobs:alexsmobs/dimensional_carver, display=net.minecraft.class_185@6cfd229b, rewards=AdvancementRewards{experience=0, loot=[], recipes=[], function=net.minecraft.class_2158$class_2159@58097872}, criteria={dimensional_carver=net.minecraft.class_175@1533c335}, requirements=[[dimensional_carver]], sends_telemetry_event=false}
[20:00:03] [Render thread/ERROR]: Couldn't load advancement alexsmobs:alexsmobs/falconry_hood: Task Advancement{parentId=alexsmobs:alexsmobs/falconry_glove, display=net.minecraft.class_185@3b941d45, rewards=AdvancementRewards{experience=0, loot=[], recipes=[], function=net.minecraft.class_2158$class_2159@58097872}, criteria={falconry_hood=net.minecraft.class_175@30354b69}, requirements=[[falconry_hood]], sends_telemetry_event=false}
[20:00:03] [Render thread/ERROR]: Couldn't load advancement alexsmobs:alexsmobs/warped_mosco_kill: Task Advancement{parentId=alexsmobs:alexsmobs/crimson_mosquito_sick, display=net.minecraft.class_185@1309e01a, rewards=AdvancementRewards{experience=0, loot=[], recipes=[], function=net.minecraft.class_2158$class_2159@58097872}, criteria={killed=net.minecraft.class_175@9fd9f11}, requirements=[[killed]], sends_telemetry_event=false}
[20:00:03] [Render thread/ERROR]: Couldn't load advancement alexsmobs:alexsmobs/transmute_1000_items: Task Advancement{parentId=alexsmobs:alexsmobs/transmutation_table, display=net.minecraft.class_185@649328c8, rewards=AdvancementRewards{experience=0, loot=[], recipes=[], function=net.minecraft.class_2158$class_2159@58097872}, criteria={ex=net.minecraft.class_175@173265c}, requirements=[[ex]], sends_telemetry_event=false}
[20:00:03] [Render thread/ERROR]: Couldn't load advancement alexsmobs:alexsmobs/bald_eagle_challenge: Task Advancement{parentId=alexsmobs:alexsmobs/falconry_hood, display=net.minecraft.class_185@cfed95, rewards=AdvancementRewards{experience=0, loot=[], recipes=[], function=net.minecraft.class_2158$class_2159@58097872}, criteria={ex=net.minecraft.class_175@18166a16}, requirements=[[ex]], sends_telemetry_event=false}
[20:00:03] [Render thread/INFO]: Loaded 4446 advancements
[20:00:05] [Render thread/INFO]: [bclib] Updating Pickers for BCLib - The End  BiomeSource (f9e478a)
[20:00:05] [Render thread/INFO]: [bclib] Updating Pickers for BCLib - Nether BiomeSource (5187b7df)
[20:00:05] [Render thread/INFO]: [bclib] Enforcing Correct Generator for minecraft:the_nether.
[20:00:05] [Render thread/INFO]: [bclib] Updating Pickers for BCLib - Nether BiomeSource (5187b7df)
[20:00:05] [Render thread/INFO]: [bclib] Enforcing Correct Generator for minecraft:the_end.
[20:00:05] [Render thread/INFO]: [bclib] Updating Pickers for BCLib - The End  BiomeSource (f9e478a)
[20:00:05] [Render thread/INFO]: [worlds_together] Loading originally configured Dimensions in World.
[20:00:05] [Render thread/INFO]: [betternether] Freeze Registry[ResourceKey[minecraft:root / worlds_together:worldgen/betterx/surface_rules] (Stable)]
[20:00:05] [Render thread/INFO]: [ETF]: emissive suffixes loaded: [_e]
[20:00:05] [Render thread/INFO]: [STDOUT]: [InventoryHUD+] TRINKETS DISABLED
[20:00:05] [Render thread/INFO]: Applied 1079 biome modifications to 111 of 111 new biomes in 16.07 ms
[20:00:05] [Render thread/INFO]: [betternether] Freeze Registry[ResourceKey[minecraft:root / worlds_together:worldgen/betterx/surface_rules] (Stable)]
[20:00:05] [Server thread/INFO]: Registering compost heaps in village type of plains
[20:00:05] [Server thread/INFO]: Registering compost heaps in village type of savanna
[20:00:05] [Server thread/INFO]: Registering compost heaps in village type of snowy
[20:00:05] [Server thread/INFO]: Registering compost heaps in village type of taiga
[20:00:05] [Server thread/INFO]: Registering compost heaps in village type of desert
[20:00:05] [Server thread/INFO]: Started DhWorld of type [CLIENT_SERVER].
[20:00:05] [Server thread/INFO]: Starting integrated minecraft server version 1.20.1
[20:00:05] [Server thread/INFO]: Generating keypair
[20:00:05] [Server thread/INFO]: [bclib] 
Apply Modifications for minecraft:overworld
    class_4766 (112bb925)
        biomes     = 53
        namespaces = minecraft(53)
[20:00:05] [Server thread/INFO]: [bclib] 
Apply Modifications for minecraft:the_nether
    BCLib - Nether BiomeSource (5187b7df)
        biomes     = 27
        namespaces = betternether(22), minecraft(5)
        seed       = 0
        height     = 128
        config     = BCLibNetherBiomeSourceConfig{mapVersion=hex, useVerticalBiomes=true, amplified=false, biomeSize=256, biomeSizeVertical=86}
[20:00:05] [Server thread/INFO]: [bclib] 
Apply Modifications for minecraft:the_end
    BCLib - The End  BiomeSource (f9e478a)
        biomes     = 24
        namespaces = betterend(19), minecraft(5)
        seed       = 0
        height     = 128
        deciders   = 0
        config     = BCLEndBiomeSourceConfig{mapVersion=hex, generatorVersion=vanilla, withVoidBiomes=true, innerVoidRadiusSquared=1048576, voidBiomesSize=256, centerBiomesSize=256, landBiomesSize=256, barrensBiomesSize=256}
[20:00:05] [Server thread/INFO]: [bclib] World Dimensions: 
 - minecraft:overworld: 
     net.minecraft.class_3754@a432ef3 
     class_4766 (112bb925)
         biomes     = 53
         namespaces = minecraft(53)
 - minecraft:the_nether: 
     BCLib - Chunk Generator (2bcdd136) 
     BCLib - Nether BiomeSource (5187b7df)
         biomes     = 27
         namespaces = betternether(22), minecraft(5)
         seed       = 0
         height     = 128
         config     = BCLibNetherBiomeSourceConfig{mapVersion=hex, useVerticalBiomes=true, amplified=false, biomeSize=256, biomeSizeVertical=86}
 - minecraft:the_end: 
     BCLib - Chunk Generator (422efd0d) 
     BCLib - The End  BiomeSource (f9e478a)
         biomes     = 24
         namespaces = betterend(19), minecraft(5)
         seed       = 0
         height     = 128
         deciders   = 0
         config     = BCLEndBiomeSourceConfig{mapVersion=hex, generatorVersion=vanilla, withVoidBiomes=true, innerVoidRadiusSquared=1048576, voidBiomesSize=256, centerBiomesSize=256, landBiomesSize=256, barrensBiomesSize=256}
[20:00:05] [Server thread/INFO]: [bclib] Merged 22 additional Surface Rules for 
BCLib - Nether BiomeSource (5187b7df)
    biomes     = 27
    namespaces = betternether(22), minecraft(5)
    seed       = 0
    height     = 128
    config     = BCLibNetherBiomeSourceConfig{mapVersion=hex, useVerticalBiomes=true, amplified=false, biomeSize=256, biomeSizeVertical=86} => 74
[20:00:05] [Server thread/INFO]: [bclib] Merged 19 additional Surface Rules for 
BCLib - The End  BiomeSource (f9e478a)
    biomes     = 24
    namespaces = betterend(19), minecraft(5)
    seed       = 0
    height     = 128
    deciders   = 0
    config     = BCLEndBiomeSourceConfig{mapVersion=hex, generatorVersion=vanilla, withVoidBiomes=true, innerVoidRadiusSquared=1048576, voidBiomesSize=256, centerBiomesSize=256, landBiomesSize=256, barrensBiomesSize=256} => 20
[20:00:07] [Server thread/INFO]: Started DhClientServerLevel for [Wrapped{ServerLevel[新的世界]@minecraft:overworld}] at [[LocalSaveStructure@(C:\Users\Admin\Desktop\.minecraft\versions\1.20.1-Fabric 0.19.5-OptiFine_I6\saves\新的世界 (1)\data)]].
[20:00:07] [DH-Full Data Migration Thread[0]/INFO]: No migration necessary.
[20:00:08] [DH-Request Module Ticker [minecraft:overworld] Thread[0]/INFO]: Batch Chunk Generator initialized
[20:00:08] [DH-Request Module Ticker [minecraft:overworld] Thread[0]/INFO]: Creating world gen queue
[20:00:08] [DH-Request Module Ticker [minecraft:overworld] Thread[0]/INFO]: Created world gen queue
[20:00:08] [DH-Request Module Ticker [minecraft:overworld] Thread[0]/INFO]: Set world gen queue for level [minecraft:overworld].
[20:00:10] [DH-Full Data Migration Thread[0]/INFO]: No migration necessary.
[20:00:10] [Server thread/INFO]: Started DhClientServerLevel for [Wrapped{ServerLevel[新的世界]@minecraft:the_nether}] at [[LocalSaveStructure@(C:\Users\Admin\Desktop\.minecraft\versions\1.20.1-Fabric 0.19.5-OptiFine_I6\saves\新的世界 (1)\data;C:\Users\Admin\Desktop\.minecraft\versions\1.20.1-Fabric 0.19.5-OptiFine_I6\saves\新的世界 (1)\DIM-1\data)]].
[20:00:10] [DH-Full Data Migration Thread[0]/INFO]: No migration necessary.
[20:00:10] [Server thread/INFO]: Started DhClientServerLevel for [Wrapped{ServerLevel[新的世界]@minecraft:the_end}] at [[LocalSaveStructure@(C:\Users\Admin\Desktop\.minecraft\versions\1.20.1-Fabric 0.19.5-OptiFine_I6\saves\新的世界 (1)\data;C:\Users\Admin\Desktop\.minecraft\versions\1.20.1-Fabric 0.19.5-OptiFine_I6\saves\新的世界 (1)\DIM-1\data;C:\Users\Admin\Desktop\.minecraft\versions\1.20.1-Fabric 0.19.5-OptiFine_I6\saves\新的世界 (1)\DIM1\data)]].
[20:00:10] [Server thread/INFO]: Preparing start region for dimension minecraft:overworld
[20:00:10] [Render thread/INFO]: 准备生成区域中：0%
[20:00:11] [DH-Request Module Ticker [minecraft:the_nether] Thread[0]/INFO]: Batch Chunk Generator initialized
[20:00:11] [DH-Request Module Ticker [minecraft:the_nether] Thread[0]/INFO]: Creating world gen queue
[20:00:11] [DH-Request Module Ticker [minecraft:the_nether] Thread[0]/INFO]: Created world gen queue
[20:00:11] [DH-Request Module Ticker [minecraft:the_nether] Thread[0]/INFO]: Set world gen queue for level [minecraft:the_nether].
[20:00:11] [DH-Request Module Ticker [minecraft:the_end] Thread[0]/INFO]: Batch Chunk Generator initialized
[20:00:11] [DH-Request Module Ticker [minecraft:the_end] Thread[0]/INFO]: Creating world gen queue
[20:00:11] [DH-Request Module Ticker [minecraft:the_end] Thread[0]/INFO]: Created world gen queue
[20:00:11] [DH-Request Module Ticker [minecraft:the_end] Thread[0]/INFO]: Set world gen queue for level [minecraft:the_end].
[20:00:11] [Render thread/INFO]: 准备生成区域中：83%
[20:00:11] [Render thread/INFO]: 准备生成区域中：83%
[20:00:15] [Render thread/INFO]: 准备生成区域中：83%
[20:00:15] [Render thread/INFO]: 准备生成区域中：83%
[20:00:15] [Render thread/INFO]: 准备生成区域中：83%
[20:00:15] [Render thread/INFO]: 准备生成区域中：83%
[20:00:15] [Render thread/INFO]: 准备生成区域中：83%
[20:00:15] [Render thread/INFO]: 准备生成区域中：83%
[20:00:15] [Render thread/INFO]: 准备生成区域中：83%
[20:00:15] [Render thread/INFO]: 准备生成区域中：83%
[20:00:16] [Render thread/INFO]: 准备生成区域中：83%
[20:00:17] [Worker-Main-9/INFO]: vanilla surface rule behavior unchanged
[20:00:17] [Render thread/INFO]: 准备生成区域中：83%
[20:00:17] [Render thread/INFO]: 准备生成区域中：83%
[20:00:18] [Render thread/INFO]: 准备生成区域中：83%
[20:00:18] [Render thread/INFO]: 准备生成区域中：83%
[20:00:19] [Render thread/INFO]: 准备生成区域中：83%
[20:00:19] [Render thread/INFO]: 准备生成区域中：83%
[20:00:19] [Render thread/INFO]: 准备生成区域中：88%
[20:00:20] [Render thread/INFO]: 准备生成区域中：95%
[20:00:20] [Render thread/INFO]: Time elapsed: 9948 ms
[20:00:20] [VoiceChatServerThread/INFO]: [voicechat] Voice chat server started at port 50019
[20:00:20] [Server thread/INFO]: Changing simulation distance to 10, from 0
[20:00:22] [Server thread/INFO]: LazyIzumi[local:E:6e66dabc] logged in with entity id 1 at (54.5, 77.0, -101.5)
[20:00:22] [Server thread/INFO]: Syncing config to LazyIzumi (a5574a6c-41ce-4990-95ef-45db934a399a)
[20:00:22] [Server thread/INFO]: Player [LazyIzumi] joined.
[20:00:22] [Render thread/INFO]: Minimap required item set to nothing.
[20:00:22] [Render thread/INFO]: New Xaero hud session initialized!
[20:00:22] [Server thread/INFO]: [betternether] Freeze Registry[ResourceKey[minecraft:root / worlds_together:worldgen/betterx/surface_rules] (Stable)]
[20:00:22] [Server thread/INFO]: [voicechat] Using Fabric Permissions API
[20:00:22] [Server thread/INFO]: LazyIzumi加入了游戏
[20:00:22] [Netty Local Client IO #0/INFO]: [do_a_barrel_roll] Received config from server
[20:00:22] [Netty Server IO #1/INFO]: [do_a_barrel_roll] Client of LazyIzumi accepted server config.
[20:00:22] [Render thread/INFO]: Fullscreen map required item set to nothing.
[20:00:22] [Render thread/INFO]: New world map session initialized!
[20:00:22] [Render thread/INFO]: Reloading pipeline on dimension change: minecraft:overworld => minecraft:overworld
[20:00:22] [Render thread/INFO]: Destroying pipeline minecraft:overworld
[20:00:22] [Render thread/INFO]: Creating pipeline for dimension minecraft:overworld
[20:00:24] [Render thread/WARN]: Removed the const keyword from declarations that use const parameters. See debugging.md for more information.
[20:00:24] [Render thread/WARN]: Removed the const keyword from declarations that use const parameters. See debugging.md for more information.
[20:00:24] [Render thread/WARN]: Removed the const keyword from declarations that use const parameters. See debugging.md for more information.
[20:00:24] [Render thread/WARN]: Removed the const keyword from declarations that use const parameters. See debugging.md for more information.
[20:00:24] [Render thread/WARN]: Removed the const keyword from declarations that use const parameters. See debugging.md for more information.
[20:00:24] [Render thread/WARN]: Removed the const keyword from declarations that use const parameters. See debugging.md for more information.
[20:00:24] [Render thread/WARN]: Type is VERTEX
[20:00:24] [Render thread/WARN]: Type is FRAGMENT
[20:00:24] [Render thread/WARN]: Type is VERTEX
[20:00:24] [Render thread/WARN]: Type is FRAGMENT
[20:00:25] [Render thread/WARN]: Type is VERTEX
[20:00:25] [Render thread/WARN]: Type is FRAGMENT
[20:00:25] [Render thread/WARN]: Flywheel backend fell back from 'flywheel:indirect' to 'flywheel:off'
[20:00:25] [Render thread/INFO]: Started 10 worker threads
[20:00:26] [Render thread/INFO]: [voicechat] Sending secret request to the server
[20:00:26] [Server thread/INFO]: [voicechat] Received secret request of LazyIzumi (20)
[20:00:26] [Render thread/INFO]: [bclib] Sending hello to server.
[20:00:26] [Server thread/INFO]: [voicechat] Sent secret to LazyIzumi
[20:00:26] [Server thread/INFO]: [bclib] Received Hello from Client. (server=3.0.14, client=3.0.14)
[20:00:26] [Server thread/INFO]: [bclib] Auto-Sync is disabled for Singleplayer worlds.
[20:00:26] [Render thread/INFO]: Using 3 total BufferBuilder caches
[20:00:26] [Render thread/WARN]: Unable to read property: west with value: false for blockstate: {Name:"minecraft:cobblestone_wall",Properties:{east:"false",north:"false",south:"false",up:"false",west:"false"}}
[20:00:26] [Render thread/WARN]: Unable to read property: east with value: false for blockstate: {Name:"minecraft:cobblestone_wall",Properties:{east:"false",north:"false",south:"false",up:"false",west:"false"}}
[20:00:26] [Render thread/WARN]: Unable to read property: south with value: false for blockstate: {Name:"minecraft:cobblestone_wall",Properties:{east:"false",north:"false",south:"false",up:"false",west:"false"}}
[20:00:26] [Render thread/WARN]: Unable to read property: north with value: false for blockstate: {Name:"minecraft:cobblestone_wall",Properties:{east:"false",north:"false",south:"false",up:"false",west:"false"}}
[20:00:26] [Render thread/WARN]: Unable to read property: west with value: false for blockstate: {Name:"minecraft:mossy_cobblestone_wall",Properties:{east:"false",north:"false",south:"false",up:"false",west:"false"}}
[20:00:26] [Render thread/WARN]: Unable to read property: east with value: false for blockstate: {Name:"minecraft:mossy_cobblestone_wall",Properties:{east:"false",north:"false",south:"false",up:"false",west:"false"}}
[20:00:26] [Render thread/WARN]: Unable to read property: south with value: false for blockstate: {Name:"minecraft:mossy_cobblestone_wall",Properties:{east:"false",north:"false",south:"false",up:"false",west:"false"}}
[20:00:26] [Render thread/WARN]: Unable to read property: north with value: false for blockstate: {Name:"minecraft:mossy_cobblestone_wall",Properties:{east:"false",north:"false",south:"false",up:"false",west:"false"}}
[20:00:26] [Render thread/INFO]: [STDOUT]: connected to localserver
[20:00:26] [Render thread/INFO]: [STDOUT]: setting state on localserver to 0
[20:00:26] [Render thread/INFO]: Received config from the server: 
[20:00:26] [Render thread/INFO]: Starting JEI...
[20:00:26] [Render thread/INFO]: Configuring JEI...
[20:00:26] [Render thread/INFO]: Configuring JEI took 1.970 milliseconds
[20:00:26] [Render thread/INFO]: Registering item subtypes...
[20:00:26] [Render thread/INFO]: Registering item subtypes took 9.526 milliseconds
[20:00:26] [Render thread/INFO]: Registering fluid subtypes...
[20:00:26] [Render thread/INFO]: Registering fluid subtypes took 2.760 milliseconds
[20:00:26] [Render thread/INFO]: Registering ingredients...
[20:00:26] [Render thread/INFO]: Registering ingredients: jei:minecraft took 202.8 milliseconds
[20:00:26] [Render thread/INFO]: Registering ingredients took 203.4 milliseconds
[20:00:26] [Render thread/INFO]: Registering extra ingredients...
[20:00:26] [Render thread/INFO]: Registering extra ingredients: create:jei_plugin took 15.18 milliseconds
[20:00:26] [Render thread/INFO]: Registering extra ingredients took 15.75 milliseconds
[20:00:26] [Render thread/INFO]: Registering search ingredient aliases...
[20:00:26] [Render thread/INFO]: Registering search ingredient aliases took 1.014 milliseconds
[20:00:26] [Render thread/INFO]: Registering Mod Info...
[20:00:26] [Render thread/INFO]: Registering Mod Info took 614.6 microseconds
[20:00:26] [Render thread/INFO]: Registering categories...
[20:00:26] [Render thread/INFO]: Registering categories: jei:minecraft took 69.44 milliseconds
[20:00:27] [Render thread/INFO]: Registering categories: create:jei_plugin took 92.36 milliseconds
[20:00:27] [Render thread/INFO]: Registering categories: createbigcannons:jei_plugin took 27.35 milliseconds
[20:00:27] [Render thread/INFO]: Registering categories took 203.3 milliseconds
[20:00:27] [Render thread/INFO]: Registering vanilla category extensions...
[20:00:27] [Render thread/INFO]: Registering vanilla category extensions took 8.692 milliseconds
[20:00:27] [Render thread/INFO]: Registering recipe catalysts...
[20:00:27] [Render thread/INFO]: Registering recipe catalysts took 10.93 milliseconds
[20:00:27] [Render thread/INFO]: Building recipe registry...
[20:00:27] [Render thread/INFO]: Building recipe registry took 36.48 milliseconds
[20:00:27] [Render thread/INFO]: Registering advanced plugins...
[20:00:27] [Render thread/INFO]: Registering advanced plugins took 286.7 microseconds
[20:00:27] [Render thread/INFO]: Registering recipes...
[20:00:28] [Render thread/INFO]: Registering recipes: jei:minecraft took 968.8 milliseconds
[20:00:28] [Render thread/INFO]: Ingredients are being removed at runtime: 1 net.minecraft.class_1799
[20:00:28] [Render thread/INFO]: Ingredients are being removed at runtime: 4 mezz.jei.api.fabric.ingredients.fluids.IJeiFluidIngredient
[20:00:28] [Render thread/INFO]: Registering recipes: create:jei_plugin took 271.1 milliseconds
[20:00:28] [Render thread/INFO]: Registering recipes: createbigcannons:jei_plugin took 24.06 milliseconds
[20:00:28] [Render thread/INFO]: Registering recipes: jei:internal took 61.02 milliseconds
[20:00:28] [Render thread/INFO]: Registering recipes took 1.329 seconds
[20:00:28] [Render thread/INFO]: Registering recipes transfer handlers...
[20:00:28] [Render thread/INFO]: Registering recipes transfer handlers took 8.715 milliseconds
[20:00:28] [Render thread/INFO]: Building runtime...
[20:00:28] [Render thread/INFO]: Registering gui handlers...
[20:00:28] [Render thread/INFO]: Registering gui handlers: jei:gui took 11.96 milliseconds
[20:00:28] [Render thread/INFO]: Registering gui handlers took 19.42 milliseconds
[20:00:28] [Render thread/INFO]: Registering advanced search...
[20:00:28] [Render thread/INFO]: Registering advanced search took 481.3 microseconds
[20:00:28] [Render thread/INFO]: Registering Runtime...
[20:00:28] [Render thread/INFO]: Starting JEI GUI
[20:00:28] [Render thread/INFO]: Building ingredient list...
[20:00:28] [Render thread/INFO]: Building ingredient list took 31.98 milliseconds
[20:00:28] [Render thread/INFO]: Building ingredient filter...
[20:00:28] [Render thread/INFO]: Adding 4469 ingredients
[20:00:28] [Render thread/INFO]: Added 4469 ingredients
[20:00:28] [Render thread/INFO]: Building ingredient filter took 188.5 milliseconds
[20:00:29] [Render thread/INFO]: Registering Runtime: jei:fabric_gui took 423.1 milliseconds
[20:00:29] [Render thread/INFO]: Registering Runtime took 423.6 milliseconds
[20:00:29] [Render thread/INFO]: Building runtime took 478.7 milliseconds
[20:00:29] [Render thread/INFO]: Sending Runtime...
[20:00:29] [Render thread/INFO]: Sending Runtime took 136.6 microseconds
[20:00:29] [Render thread/INFO]: Starting JEI took 2.479 seconds
[20:00:29] [Render thread/INFO]: Loading all registered leaf blocks.
[20:00:29] [Render thread/INFO]: Minimap updated server level id: 733430787 for world ResourceKey[minecraft:dimension / minecraft:overworld]
[20:00:29] [Render thread/INFO]: received server config settings
[20:00:29] [Render thread/INFO]: Loaded 19 advancements
[20:00:29] [Render thread/INFO]: Loaded 36 advancements
[20:00:29] [Render thread/INFO]: [voicechat] Received secret
[20:00:29] [Render thread/INFO]: [voicechat] Connecting to voice chat server: '127.0.0.1:50019'
[20:00:29] [VoiceChatAuthenticationThread/INFO]: [voicechat] Trying to authenticate voice chat connection
[20:00:29] [Render thread/INFO]: [System] [CHAT] [Simple Voice Chat] 按 V 进行设置
[20:00:29] [VoiceChatPacketProcessingThread/INFO]: [voicechat] Successfully authenticated player a5574a6c-41ce-4990-95ef-45db934a399a
[20:00:29] [VoiceChatConnectionThread/INFO]: [voicechat] Server acknowledged authentication
[20:00:29] [Render thread/INFO]: [System] [CHAT] §3[§eStepUp§3] §a已启用
[20:00:29] [Render thread/INFO]: Stopping worker threads
[20:00:29] [Render thread/INFO]: Started 10 worker threads
[20:00:29] [Render thread/WARN]: Flywheel backend fell back from 'flywheel:indirect' to 'flywheel:off'
[20:00:29] [Render thread/INFO]: Iris detected, Distant Horizons OpenGL error logging won't be sent in the chat due to Iris throwing known (harmless) OpenGL errors. This is a bug with Iris, not Distant Horizons.
[20:00:29] [Render thread/INFO]: Creating [GLProxy]... If this is the last message you see there must have been an OpenGL error.
[20:00:29] [Render thread/INFO]: Lod Render OpenGL version [3.2.0 NVIDIA 616.56].
[20:00:29] [Render thread/INFO]: minecraftGlCapabilities:
Your OpenGL support:
openGL version 3.3+: [false] <- REQUIRED
Vertex Attribute Buffer Binding: [true] <- optional improvement
Buffer Storage: [true] <- optional improvement

[20:00:29] [Render thread/INFO]: GPU Vendor [NVIDIA CORPORATION] with OS [Windows], Preferred upload method is [BUFFER_STORAGE].
[20:00:29] [Render thread/INFO]: GLProxy creation successful. OpenGL smiles upon you this day.
[20:00:29] [Render thread/INFO]: Setting up renderer
[20:00:29] [Render thread/INFO]: Renderer setup complete
[20:00:29] [Render thread/INFO]: Loading shader with type: [35633]
[20:00:29] [Render thread/INFO]: Shader loaded sucessfully.
[20:00:29] [Render thread/INFO]: Loading shader with type: [35632]
[20:00:29] [Render thread/INFO]: Shader loaded sucessfully.
[20:00:29] [Render thread/INFO]: Vertex Attribute (GL43+) completed. It contains 1 binding points and a stride size of 16
[20:00:29] [Render thread/INFO]: Overriding vanilla MC settings to better fit Distant Horizons... This behavior can be disabled in the Distant Horizons config.
[20:00:29] [Render thread/INFO]: Disabling vanilla clouds... This is done to prevent vanilla clouds from rendering on top of Distant Horizons LODs.
[20:00:29] [Render thread/INFO]: Disabling fabulous graphics... This is done to fix vanilla chunks (specifically water blocks) not fading into Distant Horizons LODs when DH's 'Vanilla Fade' option is enabled.
[20:00:29] [Render thread/INFO]: Loading shader with type: [35633]
[20:00:29] [Render thread/INFO]: Shader loaded sucessfully.
[20:00:29] [Render thread/INFO]: Loading shader with type: [35632]
[20:00:29] [Render thread/INFO]: Shader loaded sucessfully.
[20:00:29] [Render thread/INFO]: Vertex Attribute (GL43+) completed. It contains 1 binding points and a stride size of 12
[20:00:29] [Render thread/INFO]: Loading shader with type: [35633]
[20:00:29] [Render thread/INFO]: Shader loaded sucessfully.
[20:00:29] [Render thread/INFO]: Loading shader with type: [35632]
[20:00:29] [Render thread/INFO]: Shader loaded sucessfully.
[20:00:29] [Render thread/INFO]: Vertex Attribute (GL43+) completed. It contains 1 binding points and a stride size of 12
[20:00:30] [Render thread/INFO]: Reloading radar icon resources...
[20:00:30] [Render thread/INFO]: Reloaded radar icon resources!
[20:00:30] [VoiceChatAuthenticationThread/INFO]: [voicechat] Trying to validate voice chat connection
[20:00:30] [VoiceChatPacketProcessingThread/INFO]: [voicechat] Successfully validated connection of player a5574a6c-41ce-4990-95ef-45db934a399a
[20:00:30] [VoiceChatPacketProcessingThread/INFO]: [voicechat] Player LazyIzumi (a5574a6c-41ce-4990-95ef-45db934a399a) successfully connected to voice chat
[20:00:30] [VoiceChatConnectionThread/INFO]: [voicechat] Server acknowledged connection check
[20:00:30] [Render thread/ERROR]: Signature is missing from Property textures
[20:00:33] [Render thread/INFO]: [System] [CHAT] §6Distant Horizons: G1 Garbage collector detected.§r\nThis can cause FPS stuttering. \nIt's recommended to use a concurrent garbage collector \nlike ZGC (Java 21+) or Shenandoah (Java 8 through 17) \nfor a smoother experience. \nThis warning can be disabled in the DH config.
[20:00:56] [Server thread/INFO]: Saving and pausing game...
[20:00:56] [Render thread/ERROR]: Signature is missing from Property textures
[20:00:56] [Server thread/INFO]: Saving chunks for level 'ServerLevel[新的世界]'/minecraft:overworld
[20:00:56] [Server thread/INFO]: Saving chunks for level 'ServerLevel[新的世界]'/minecraft:the_nether
[20:00:56] [Server thread/INFO]: Saving chunks for level 'ServerLevel[新的世界]'/minecraft:the_end
[20:01:10] [Render thread/INFO]: [EMF]: Clearing data for reload.
[20:01:10] [Render thread/INFO]: Reloading ResourceManager: serilum_mod_translations, vanilla, create:dynamic_data, fabric (alexsmobs, ambientsounds, appleskin, bclib, betterend, betternether, cardinal-components-base, cardinal-components-entity, carryon, charmofundying, cicada, citadel, citresewn, citresewn-defaults, cloth-config, clumps, collective, continuity, create, createbigcannons, creativecore, distanthorizons, do_a_barrel_roll, dripstone_fluid_lib, entity_model_features, entity_texture_features, entityculling, essential-container, essential-loader, expanded_armor_enchanting, expanded_axe_enchanting, expanded_trident_enchanting, expanded_weapon_enchanting, fabric-api, fabric-api-base, fabric-api-lookup-api-v1, fabric-biome-api-v1, fabric-block-api-v1, fabric-block-view-api-v2, fabric-blockrenderlayer-v1, fabric-client-tags-api-v1, fabric-command-api-v1, fabric-command-api-v2, fabric-commands-v0, fabric-containers-v0, fabric-content-registries-v0, fabric-convention-tags-v1, fabric-crash-report-info-v1, fabric-data-attachment-api-v1, fabric-data-generation-api-v1, fabric-dimensions-v1, fabric-entity-events-v1, fabric-events-interaction-v0, fabric-events-lifecycle-v0, fabric-game-rule-api-v1, fabric-item-api-v1, fabric-item-group-api-v1, fabric-key-binding-api-v1, fabric-keybindings-v0, fabric-language-kotlin, fabric-lifecycle-events-v1, fabric-loot-api-v2, fabric-loot-tables-v1, fabric-message-api-v1, fabric-mining-level-api-v1, fabric-model-loading-api-v1, fabric-models-v0, fabric-networking-api-v1, fabric-networking-v0, fabric-object-builder-api-v1, fabric-particles-v1, fabric-recipe-api-v1, fabric-registry-sync-v0, fabric-renderer-api-v1, fabric-renderer-indigo, fabric-renderer-registries-v1, fabric-rendering-data-attachment-v1, fabric-rendering-fluids-v1, fabric-rendering-v0, fabric-rendering-v1, fabric-resource-conditions-api-v1, fabric-resource-loader-v0, fabric-screen-api-v1, fabric-screen-handler-api-v1, fabric-sound-api-v1, fabric-tag-api-v1, fabric-transfer-api-v1, fabric-transitive-access-wideners-v1, fabricloader, fallingleaves, farmersdelight, flywheel, forgeconfigapiport, ftblibrary, ftbultimine, gbfabrictools, geckolib, indium, inventoryhud, iris, jade, jei, litematica, lithium, malilib, mcwbridges, milk, modefite, modmenu, noexpensive, ponder, porting_lib_accessors, porting_lib_attributes, porting_lib_base, porting_lib_brewing, porting_lib_client_events, porting_lib_common, porting_lib_config, porting_lib_core, porting_lib_data, porting_lib_entity, porting_lib_extensions, porting_lib_fluids, porting_lib_gametest, porting_lib_gui_utils, porting_lib_lazy_registration, porting_lib_mixin_extensions, porting_lib_model_generators, porting_lib_model_loader, porting_lib_model_materials, porting_lib_models, porting_lib_networking, porting_lib_obj_loader, porting_lib_tags, porting_lib_tool_actions, porting_lib_transfer, porting_lib_utility, punchy, reach-entity-attributes, registrate-fabric, sodium, stepup, trender, trinkets, voicechat, xaerolib, xaerominimap, xaeroworldmap, yet_another_config_lib_v3, zoomify, essential), file/F8thful.zip, Essential Assets, essential
[20:01:10] [Worker-Main-7/INFO]: Found unifont_all_no_pua-15.0.06.hex, loading
[20:01:10] [Worker-Main-22/WARN]: Unknown block 'byg:ivis_phylium' in 'matchBlocks' element 'byg:ivis_phylium' at index 4 in file 'minecraft:optifine/ctm/_overlays/08_amber_moss/amber_moss.properties' in pack 'fabric'
[20:01:10] [Worker-Main-22/WARN]: Unknown block 'byg:vermilion_sculk' in 'matchBlocks' element 'byg:vermilion_sculk' at index 9 in file 'minecraft:optifine/ctm/_overlays/08_amber_moss/amber_moss.properties' in pack 'fabric'
[20:01:10] [Worker-Main-22/WARN]: Unknown block 'byg:shulkren_phylium' in 'matchBlocks' element 'byg:shulkren_phylium' at index 10 in file 'minecraft:optifine/ctm/_overlays/08_amber_moss/amber_moss.properties' in pack 'fabric'
[20:01:10] [Worker-Main-22/WARN]: Unknown block 'byg:ivis_phylium' in 'matchBlocks' element 'byg:ivis_phylium' at index 10 in file 'minecraft:optifine/ctm/_overlays/07_jungle_moss/jungle_moss.properties' in pack 'fabric'
[20:01:10] [Worker-Main-22/WARN]: Unknown block 'byg:vermilion_sculk' in 'matchBlocks' element 'byg:vermilion_sculk' at index 11 in file 'minecraft:optifine/ctm/_overlays/07_jungle_moss/jungle_moss.properties' in pack 'fabric'
[20:01:10] [Worker-Main-22/WARN]: Unknown block 'byg:shulkren_phylium' in 'matchBlocks' element 'byg:shulkren_phylium' at index 12 in file 'minecraft:optifine/ctm/_overlays/07_jungle_moss/jungle_moss.properties' in pack 'fabric'
[20:01:10] [Worker-Main-22/WARN]: Unknown block 'byg:ivis_phylium' in 'matchBlocks' element 'byg:ivis_phylium' at index 8 in file 'minecraft:optifine/ctm/_overlays/06_end_moss/end_moss.properties' in pack 'fabric'
[20:01:10] [Worker-Main-22/WARN]: Unknown block 'byg:vermilion_sculk' in 'matchBlocks' element 'byg:vermilion_sculk' at index 9 in file 'minecraft:optifine/ctm/_overlays/06_end_moss/end_moss.properties' in pack 'fabric'
[20:01:10] [Worker-Main-22/WARN]: Unknown block 'byg:shulkren_phylium' in 'matchBlocks' element 'byg:shulkren_phylium' at index 10 in file 'minecraft:optifine/ctm/_overlays/06_end_moss/end_moss.properties' in pack 'fabric'
[20:01:10] [Worker-Main-22/WARN]: Unknown block 'byg:ivis_phylium' in 'matchBlocks' element 'byg:ivis_phylium' at index 3 in file 'minecraft:optifine/ctm/_overlays/05_chorus_nylium/chorus_nylium.properties' in pack 'fabric'
[20:01:10] [Worker-Main-22/WARN]: Unknown block 'byg:vermilion_sculk' in 'matchBlocks' element 'byg:vermilion_sculk' at index 8 in file 'minecraft:optifine/ctm/_overlays/05_chorus_nylium/chorus_nylium.properties' in pack 'fabric'
[20:01:10] [Worker-Main-22/WARN]: Unknown block 'byg:shulkren_phylium' in 'matchBlocks' element 'byg:shulkren_phylium' at index 9 in file 'minecraft:optifine/ctm/_overlays/05_chorus_nylium/chorus_nylium.properties' in pack 'fabric'
[20:01:10] [Worker-Main-22/WARN]: Unknown block 'byg:ivis_phylium' in 'matchBlocks' element 'byg:ivis_phylium' at index 6 in file 'minecraft:optifine/ctm/_overlays/04_crystal_moss/crystal_moss.properties' in pack 'fabric'
[20:01:10] [Worker-Main-22/WARN]: Unknown block 'byg:vermilion_sculk' in 'matchBlocks' element 'byg:vermilion_sculk' at index 7 in file 'minecraft:optifine/ctm/_overlays/04_crystal_moss/crystal_moss.properties' in pack 'fabric'
[20:01:10] [Worker-Main-22/WARN]: Unknown block 'byg:shulkren_phylium' in 'matchBlocks' element 'byg:shulkren_phylium' at index 8 in file 'minecraft:optifine/ctm/_overlays/04_crystal_moss/crystal_moss.properties' in pack 'fabric'
[20:01:10] [Worker-Main-22/WARN]: Unknown block 'byg:ivis_phylium' in 'matchBlocks' element 'byg:ivis_phylium' at index 5 in file 'minecraft:optifine/ctm/_overlays/03_pink_moss/pink_moss.properties' in pack 'fabric'
[20:01:10] [Worker-Main-22/WARN]: Unknown block 'byg:vermilion_sculk' in 'matchBlocks' element 'byg:vermilion_sculk' at index 6 in file 'minecraft:optifine/ctm/_overlays/03_pink_moss/pink_moss.properties' in pack 'fabric'
[20:01:10] [Worker-Main-22/WARN]: Unknown block 'byg:shulkren_phylium' in 'matchBlocks' element 'byg:shulkren_phylium' at index 7 in file 'minecraft:optifine/ctm/_overlays/03_pink_moss/pink_moss.properties' in pack 'fabric'
[20:01:10] [Worker-Main-22/WARN]: Unknown block 'byg:ivis_phylium' in 'matchBlocks' element 'byg:ivis_phylium' at index 4 in file 'minecraft:optifine/ctm/_overlays/02_shadow_grass/shadow_grass.properties' in pack 'fabric'
[20:01:10] [Worker-Main-22/WARN]: Unknown block 'byg:vermilion_sculk' in 'matchBlocks' element 'byg:vermilion_sculk' at index 5 in file 'minecraft:optifine/ctm/_overlays/02_shadow_grass/shadow_grass.properties' in pack 'fabric'
[20:01:10] [Worker-Main-22/WARN]: Unknown block 'byg:shulkren_phylium' in 'matchBlocks' element 'byg:shulkren_phylium' at index 6 in file 'minecraft:optifine/ctm/_overlays/02_shadow_grass/shadow_grass.properties' in pack 'fabric'
[20:01:10] [Worker-Main-22/WARN]: Unknown block 'byg:ivis_phylium' in 'matchBlocks' element 'byg:ivis_phylium' at index 4 in file 'minecraft:optifine/ctm/_overlays/01_end_mycelium/end_mycelium.properties' in pack 'fabric'
[20:01:10] [Worker-Main-22/WARN]: Unknown block 'byg:vermilion_sculk' in 'matchBlocks' element 'byg:vermilion_sculk' at index 5 in file 'minecraft:optifine/ctm/_overlays/01_end_mycelium/end_mycelium.properties' in pack 'fabric'
[20:01:10] [Worker-Main-22/WARN]: Unknown block 'byg:shulkren_phylium' in 'matchBlocks' element 'byg:shulkren_phylium' at index 6 in file 'minecraft:optifine/ctm/_overlays/01_end_mycelium/end_mycelium.properties' in pack 'fabric'
[20:01:10] [Worker-Main-22/WARN]: Unknown block 'byg:ivis_phylium' in 'matchBlocks' element 'byg:ivis_phylium' at index 2 in file 'minecraft:optifine/ctm/_overlays/00_cave_moss/cave_moss.properties' in pack 'fabric'
[20:01:10] [Worker-Main-22/WARN]: Unknown block 'byg:vermilion_sculk' in 'matchBlocks' element 'byg:vermilion_sculk' at index 3 in file 'minecraft:optifine/ctm/_overlays/00_cave_moss/cave_moss.properties' in pack 'fabric'
[20:01:10] [Worker-Main-22/WARN]: Unknown block 'byg:shulkren_phylium' in 'matchBlocks' element 'byg:shulkren_phylium' at index 4 in file 'minecraft:optifine/ctm/_overlays/00_cave_moss/cave_moss.properties' in pack 'fabric'
[20:01:10] [Worker-Main-4/INFO]: Loaded AmbientEngine 'basic' v3.2.5. 11 dimension(s), 11 features, 11 blockgroups, 2 sound collections, 38 regions, 60 sounds, 12 sound categories, 7 solids and 2 biome types
[20:01:10] [Worker-Main-17/WARN]: Unused frames in sprite minecraft:entity/conduit/wind: [22, 23, 24, 25, 26, 27, 28, 29, 30, 31]
[20:01:10] [Worker-Main-22/WARN]: Unused frames in sprite minecraft:entity/conduit/wind_vertical: [22, 23, 24, 25, 26, 27, 28, 29, 30, 31]
[20:01:10] [Worker-Main-18/WARN]: Texture minecraft:block/bamboo_block_top with size 8x8 limits mip level from 4 to 3
[20:01:10] [Worker-Main-18/WARN]: Texture minecraft:item/spyglass_model with size 4x4 limits mip level from 3 to 2
[20:01:10] [Worker-Main-18/WARN]: minecraft:textures/atlas/blocks.png: dropping miplevel from 4 to 2, because of minimum power of two: 4
[20:01:10] [Worker-Main-9/INFO]: MODEFITE: loading models
[20:01:18] [Render thread/WARN]: Missing sound for event: minecraft:item.goat_horn.play
[20:01:18] [Render thread/WARN]: Missing sound for event: minecraft:entity.goat.screaming.horn_break
[20:01:18] [Render thread/INFO]: OpenAL initialized on device OpenAL Soft on Speakers (Realtek(R) Audio)
[20:01:18] [Render thread/INFO]: Sound engine started
[20:01:18] [Render thread/INFO]: Created: 2048x2048x2 minecraft:textures/atlas/blocks.png-atlas
[20:01:18] [Render thread/INFO]: Radar icon manager reset!
[20:01:18] [Render thread/INFO]: Reloading radar icon resources...
[20:01:18] [Render thread/INFO]: Reloaded radar icon resources!
[20:01:18] [Render thread/INFO]: New world map region cache hash code: -194263875
[20:01:18] [Render thread/INFO]: Created: 512x512x4 minecraft:textures/atlas/signs.png-atlas
[20:01:18] [Render thread/INFO]: Created: 512x512x4 minecraft:textures/atlas/banner_patterns.png-atlas
[20:01:18] [Render thread/INFO]: Created: 512x512x4 minecraft:textures/atlas/shield_patterns.png-atlas
[20:01:18] [Render thread/INFO]: Created: 2048x1024x4 minecraft:textures/atlas/armor_trims.png-atlas
[20:01:18] [Render thread/INFO]: Created: 1024x512x4 minecraft:textures/atlas/chest.png-atlas
[20:01:18] [Render thread/INFO]: Created: 128x64x4 minecraft:textures/atlas/decorated_pot.png-atlas
[20:01:18] [Render thread/INFO]: Created: 256x128x4 minecraft:textures/atlas/shulker_boxes.png-atlas
[20:01:18] [Render thread/INFO]: Created: 512x256x4 minecraft:textures/atlas/beds.png-atlas
[20:01:18] [Render thread/WARN]: Shader rendertype_entity_translucent_emissive could not find sampler named Sampler2 in the specified shader program.
[20:01:18] [Render thread/INFO]: Created: 2048x1024x0 minecraft:textures/atlas/particles.png-atlas
[20:01:18] [Render thread/INFO]: Created: 128x128x0 minecraft:textures/atlas/paintings.png-atlas
[20:01:18] [Render thread/INFO]: Created: 256x256x0 minecraft:textures/atlas/mob_effects.png-atlas
[20:01:18] [Render thread/INFO]: Created: 256x256x0 jei:textures/atlas/gui.png-atlas
[20:01:18] [Render thread/INFO]: Loaded 56 train hat configurations.
[20:01:18] [Render thread/INFO]: Loaded 77 shader sources in 73.985 ms
[20:01:19] [Render thread/INFO]: Successfully reloaded the XaeroLib shaders!
[20:01:19] [Render thread/INFO]: Successfully loaded image 'zoomify:textures/demo/third-person-hud.webp'
[20:01:19] [Render thread/INFO]: Successfully loaded image 'zoomify:textures/demo/third-person-view.webp'
[20:01:19] [Render thread/INFO]: Successfully loaded image 'zoomify:textures/demo/zoom-hand.webp'
[20:01:19] [Render thread/INFO]: Successfully loaded image 'zoomify:textures/demo/zoom-world.webp'
[20:01:19] [Render thread/INFO]: Rebuilding ingredient filter...
[20:01:19] [Render thread/INFO]: Rebuilding ingredient filter took 114.4 milliseconds
[20:01:19] [Render thread/WARN]: Flywheel backend fell back from 'flywheel:indirect' to 'flywheel:off'
[20:01:19] [Render thread/INFO]: Stopping worker threads
[20:01:19] [Render thread/INFO]: Started 10 worker threads
[20:01:19] [Render thread/WARN]: Flywheel backend fell back from 'flywheel:indirect' to 'flywheel:off'
[20:01:19] [Render thread/INFO]: [ETF]: reloading ETF data.
[20:01:19] [Render thread/INFO]: [ETF]: emissive suffixes loaded: [_e]
[20:01:44] [Server thread/INFO]: Saving and pausing game...
[20:01:44] [Render thread/ERROR]: Signature is missing from Property textures
[20:01:44] [Server thread/INFO]: Saving chunks for level 'ServerLevel[新的世界]'/minecraft:overworld
[20:01:44] [Server thread/INFO]: Saving chunks for level 'ServerLevel[新的世界]'/minecraft:the_nether
[20:01:44] [Server thread/INFO]: Saving chunks for level 'ServerLevel[新的世界]'/minecraft:the_end
[20:02:51] [Render thread/INFO]: [EMF]: Clearing data for reload.
[20:02:51] [Render thread/INFO]: Reloading ResourceManager: serilum_mod_translations, vanilla, create:dynamic_data, fabric (alexsmobs, ambientsounds, appleskin, bclib, betterend, betternether, cardinal-components-base, cardinal-components-entity, carryon, charmofundying, cicada, citadel, citresewn, citresewn-defaults, cloth-config, clumps, collective, continuity, create, createbigcannons, creativecore, distanthorizons, do_a_barrel_roll, dripstone_fluid_lib, entity_model_features, entity_texture_features, entityculling, essential-container, essential-loader, expanded_armor_enchanting, expanded_axe_enchanting, expanded_trident_enchanting, expanded_weapon_enchanting, fabric-api, fabric-api-base, fabric-api-lookup-api-v1, fabric-biome-api-v1, fabric-block-api-v1, fabric-block-view-api-v2, fabric-blockrenderlayer-v1, fabric-client-tags-api-v1, fabric-command-api-v1, fabric-command-api-v2, fabric-commands-v0, fabric-containers-v0, fabric-content-registries-v0, fabric-convention-tags-v1, fabric-crash-report-info-v1, fabric-data-attachment-api-v1, fabric-data-generation-api-v1, fabric-dimensions-v1, fabric-entity-events-v1, fabric-events-interaction-v0, fabric-events-lifecycle-v0, fabric-game-rule-api-v1, fabric-item-api-v1, fabric-item-group-api-v1, fabric-key-binding-api-v1, fabric-keybindings-v0, fabric-language-kotlin, fabric-lifecycle-events-v1, fabric-loot-api-v2, fabric-loot-tables-v1, fabric-message-api-v1, fabric-mining-level-api-v1, fabric-model-loading-api-v1, fabric-models-v0, fabric-networking-api-v1, fabric-networking-v0, fabric-object-builder-api-v1, fabric-particles-v1, fabric-recipe-api-v1, fabric-registry-sync-v0, fabric-renderer-api-v1, fabric-renderer-indigo, fabric-renderer-registries-v1, fabric-rendering-data-attachment-v1, fabric-rendering-fluids-v1, fabric-rendering-v0, fabric-rendering-v1, fabric-resource-conditions-api-v1, fabric-resource-loader-v0, fabric-screen-api-v1, fabric-screen-handler-api-v1, fabric-sound-api-v1, fabric-tag-api-v1, fabric-transfer-api-v1, fabric-transitive-access-wideners-v1, fabricloader, fallingleaves, farmersdelight, flywheel, forgeconfigapiport, ftblibrary, ftbultimine, gbfabrictools, geckolib, indium, inventoryhud, iris, jade, jei, litematica, lithium, malilib, mcwbridges, milk, modefite, modmenu, noexpensive, ponder, porting_lib_accessors, porting_lib_attributes, porting_lib_base, porting_lib_brewing, porting_lib_client_events, porting_lib_common, porting_lib_config, porting_lib_core, porting_lib_data, porting_lib_entity, porting_lib_extensions, porting_lib_fluids, porting_lib_gametest, porting_lib_gui_utils, porting_lib_lazy_registration, porting_lib_mixin_extensions, porting_lib_model_generators, porting_lib_model_loader, porting_lib_model_materials, porting_lib_models, porting_lib_networking, porting_lib_obj_loader, porting_lib_tags, porting_lib_tool_actions, porting_lib_transfer, porting_lib_utility, punchy, reach-entity-attributes, registrate-fabric, sodium, stepup, trender, trinkets, voicechat, xaerolib, xaerominimap, xaeroworldmap, yet_another_config_lib_v3, zoomify, essential), file/Glowing 3D Armor.zip, file/1.2.zip, file/Refined Buckets 2.4.1.zip, file/HyperPunchy-v2.5+.zip, file/Enchantment Glows 1.9 1.20.x.zip, file/§5Untitled §6Punchies §fv1.1.zip, punchy:punchy, file/F8thful.zip, Essential Assets, essential
[20:02:51] [Worker-Main-23/INFO]: Found unifont_all_no_pua-15.0.06.hex, loading
[20:02:51] [Worker-Main-9/WARN]: Unknown block 'byg:ivis_phylium' in 'matchBlocks' element 'byg:ivis_phylium' at index 4 in file 'minecraft:optifine/ctm/_overlays/08_amber_moss/amber_moss.properties' in pack 'fabric'
[20:02:51] [Worker-Main-9/WARN]: Unknown block 'byg:vermilion_sculk' in 'matchBlocks' element 'byg:vermilion_sculk' at index 9 in file 'minecraft:optifine/ctm/_overlays/08_amber_moss/amber_moss.properties' in pack 'fabric'
[20:02:51] [Worker-Main-9/WARN]: Unknown block 'byg:shulkren_phylium' in 'matchBlocks' element 'byg:shulkren_phylium' at index 10 in file 'minecraft:optifine/ctm/_overlays/08_amber_moss/amber_moss.properties' in pack 'fabric'
[20:02:51] [Worker-Main-9/WARN]: Unknown block 'byg:ivis_phylium' in 'matchBlocks' element 'byg:ivis_phylium' at index 10 in file 'minecraft:optifine/ctm/_overlays/07_jungle_moss/jungle_moss.properties' in pack 'fabric'
[20:02:51] [Worker-Main-9/WARN]: Unknown block 'byg:vermilion_sculk' in 'matchBlocks' element 'byg:vermilion_sculk' at index 11 in file 'minecraft:optifine/ctm/_overlays/07_jungle_moss/jungle_moss.properties' in pack 'fabric'
[20:02:51] [Worker-Main-9/WARN]: Unknown block 'byg:shulkren_phylium' in 'matchBlocks' element 'byg:shulkren_phylium' at index 12 in file 'minecraft:optifine/ctm/_overlays/07_jungle_moss/jungle_moss.properties' in pack 'fabric'
[20:02:51] [Worker-Main-9/WARN]: Unknown block 'byg:ivis_phylium' in 'matchBlocks' element 'byg:ivis_phylium' at index 8 in file 'minecraft:optifine/ctm/_overlays/06_end_moss/end_moss.properties' in pack 'fabric'
[20:02:51] [Worker-Main-9/WARN]: Unknown block 'byg:vermilion_sculk' in 'matchBlocks' element 'byg:vermilion_sculk' at index 9 in file 'minecraft:optifine/ctm/_overlays/06_end_moss/end_moss.properties' in pack 'fabric'
[20:02:51] [Worker-Main-9/WARN]: Unknown block 'byg:shulkren_phylium' in 'matchBlocks' element 'byg:shulkren_phylium' at index 10 in file 'minecraft:optifine/ctm/_overlays/06_end_moss/end_moss.properties' in pack 'fabric'
[20:02:51] [Worker-Main-9/WARN]: Unknown block 'byg:ivis_phylium' in 'matchBlocks' element 'byg:ivis_phylium' at index 3 in file 'minecraft:optifine/ctm/_overlays/05_chorus_nylium/chorus_nylium.properties' in pack 'fabric'
[20:02:51] [Worker-Main-9/WARN]: Unknown block 'byg:vermilion_sculk' in 'matchBlocks' element 'byg:vermilion_sculk' at index 8 in file 'minecraft:optifine/ctm/_overlays/05_chorus_nylium/chorus_nylium.properties' in pack 'fabric'
[20:02:51] [Worker-Main-9/WARN]: Unknown block 'byg:shulkren_phylium' in 'matchBlocks' element 'byg:shulkren_phylium' at index 9 in file 'minecraft:optifine/ctm/_overlays/05_chorus_nylium/chorus_nylium.properties' in pack 'fabric'
[20:02:51] [Worker-Main-9/WARN]: Unknown block 'byg:ivis_phylium' in 'matchBlocks' element 'byg:ivis_phylium' at index 6 in file 'minecraft:optifine/ctm/_overlays/04_crystal_moss/crystal_moss.properties' in pack 'fabric'
[20:02:51] [Worker-Main-9/WARN]: Unknown block 'byg:vermilion_sculk' in 'matchBlocks' element 'byg:vermilion_sculk' at index 7 in file 'minecraft:optifine/ctm/_overlays/04_crystal_moss/crystal_moss.properties' in pack 'fabric'
[20:02:51] [Worker-Main-9/WARN]: Unknown block 'byg:shulkren_phylium' in 'matchBlocks' element 'byg:shulkren_phylium' at index 8 in file 'minecraft:optifine/ctm/_overlays/04_crystal_moss/crystal_moss.properties' in pack 'fabric'
[20:02:51] [Worker-Main-9/WARN]: Unknown block 'byg:ivis_phylium' in 'matchBlocks' element 'byg:ivis_phylium' at index 5 in file 'minecraft:optifine/ctm/_overlays/03_pink_moss/pink_moss.properties' in pack 'fabric'
[20:02:51] [Worker-Main-9/WARN]: Unknown block 'byg:vermilion_sculk' in 'matchBlocks' element 'byg:vermilion_sculk' at index 6 in file 'minecraft:optifine/ctm/_overlays/03_pink_moss/pink_moss.properties' in pack 'fabric'
[20:02:51] [Worker-Main-9/WARN]: Unknown block 'byg:shulkren_phylium' in 'matchBlocks' element 'byg:shulkren_phylium' at index 7 in file 'minecraft:optifine/ctm/_overlays/03_pink_moss/pink_moss.properties' in pack 'fabric'
[20:02:51] [Worker-Main-9/WARN]: Unknown block 'byg:ivis_phylium' in 'matchBlocks' element 'byg:ivis_phylium' at index 4 in file 'minecraft:optifine/ctm/_overlays/02_shadow_grass/shadow_grass.properties' in pack 'fabric'
[20:02:51] [Worker-Main-9/WARN]: Unknown block 'byg:vermilion_sculk' in 'matchBlocks' element 'byg:vermilion_sculk' at index 5 in file 'minecraft:optifine/ctm/_overlays/02_shadow_grass/shadow_grass.properties' in pack 'fabric'
[20:02:51] [Worker-Main-9/WARN]: Unknown block 'byg:shulkren_phylium' in 'matchBlocks' element 'byg:shulkren_phylium' at index 6 in file 'minecraft:optifine/ctm/_overlays/02_shadow_grass/shadow_grass.properties' in pack 'fabric'
[20:02:51] [Worker-Main-9/WARN]: Unknown block 'byg:ivis_phylium' in 'matchBlocks' element 'byg:ivis_phylium' at index 4 in file 'minecraft:optifine/ctm/_overlays/01_end_mycelium/end_mycelium.properties' in pack 'fabric'
[20:02:51] [Worker-Main-9/WARN]: Unknown block 'byg:vermilion_sculk' in 'matchBlocks' element 'byg:vermilion_sculk' at index 5 in file 'minecraft:optifine/ctm/_overlays/01_end_mycelium/end_mycelium.properties' in pack 'fabric'
[20:02:51] [Worker-Main-9/WARN]: Unknown block 'byg:shulkren_phylium' in 'matchBlocks' element 'byg:shulkren_phylium' at index 6 in file 'minecraft:optifine/ctm/_overlays/01_end_mycelium/end_mycelium.properties' in pack 'fabric'
[20:02:51] [Worker-Main-9/WARN]: Unknown block 'byg:ivis_phylium' in 'matchBlocks' element 'byg:ivis_phylium' at index 2 in file 'minecraft:optifine/ctm/_overlays/00_cave_moss/cave_moss.properties' in pack 'fabric'
[20:02:51] [Worker-Main-9/WARN]: Unknown block 'byg:vermilion_sculk' in 'matchBlocks' element 'byg:vermilion_sculk' at index 3 in file 'minecraft:optifine/ctm/_overlays/00_cave_moss/cave_moss.properties' in pack 'fabric'
[20:02:51] [Worker-Main-9/WARN]: Unknown block 'byg:shulkren_phylium' in 'matchBlocks' element 'byg:shulkren_phylium' at index 4 in file 'minecraft:optifine/ctm/_overlays/00_cave_moss/cave_moss.properties' in pack 'fabric'
[20:02:51] [Worker-Main-20/WARN]: Invalid path in datapack: minecraft:models/item/bucket_lava - Copia.json, ignoring
[20:02:51] [Worker-Main-2/INFO]: Loaded AmbientEngine 'basic' v3.2.5. 11 dimension(s), 11 features, 11 blockgroups, 2 sound collections, 38 regions, 60 sounds, 12 sound categories, 7 solids and 2 biome types
[20:02:51] [Worker-Main-2/WARN]: Unused frames in sprite minecraft:entity/conduit/wind: [22, 23, 24, 25, 26, 27, 28, 29, 30, 31]
[20:02:51] [Worker-Main-17/ERROR]: [citresewn] Warning: minecraft:mace is not in the item registry @L2 in minecraft:optifine/cit/mace/mace.properties from file/Enchantment Glows 1.9 1.20.x.zip
[20:02:51] [Worker-Main-17/ERROR]: {citresewn} Errored while parsing CIT: Cannot resolve path @L3 in minecraft:optifine/cit/mace/mace.properties from file/Enchantment Glows 1.9 1.20.x.zip
[20:02:51] [Worker-Main-1/WARN]: Unused frames in sprite minecraft:entity/conduit/wind_vertical: [22, 23, 24, 25, 26, 27, 28, 29, 30, 31]
[20:02:51] [Worker-Main-4/WARN]: Texture minecraft:block/bamboo_block_top with size 8x8 limits mip level from 4 to 3
[20:02:51] [Worker-Main-17/INFO]: [citresewn] Loading item CIT models...
[20:02:51] [Worker-Main-4/WARN]: Texture minecraft:item/spyglass_model with size 4x4 limits mip level from 3 to 2
[20:02:51] [Worker-Main-4/WARN]: minecraft:textures/atlas/blocks.png: dropping miplevel from 4 to 2, because of minimum power of two: 4
[20:02:51] [Worker-Main-17/INFO]: MODEFITE: loading models
[20:02:52] [Worker-Main-17/WARN]: Unable to load model: 'minecraft:item/copper_chestplate' referenced from: minecraft:item/copper_chestplate: java.io.FileNotFoundException: minecraft:models/item/copper_chestplate.json
[20:02:52] [Worker-Main-17/WARN]: Unable to load model: 'minecraft:item/copper_boots' referenced from: minecraft:item/copper_boots: java.io.FileNotFoundException: minecraft:models/item/copper_boots.json
[20:02:52] [Worker-Main-17/WARN]: Unable to load model: 'minecraft:item/copper_leggings' referenced from: minecraft:item/copper_leggings: java.io.FileNotFoundException: minecraft:models/item/copper_leggings.json
[20:02:52] [Worker-Main-17/WARN]: Unable to load model: 'minecraft:item/elytra_broken' referenced from: minecraft:item/elytra_broken: java.io.FileNotFoundException: minecraft:models/item/elytra_broken.json
[20:02:52] [Worker-Main-17/WARN]: Unable to load model: 'minecraft:item/copper_helmet' referenced from: minecraft:item/copper_helmet: java.io.FileNotFoundException: minecraft:models/item/copper_helmet.json
[20:03:00] [Worker-Main-17/INFO]: [citresewn] Linking baked models to item CITs...
[20:03:01] [Render thread/WARN]: Missing sound for event: minecraft:item.goat_horn.play
[20:03:01] [Render thread/WARN]: Missing sound for event: minecraft:entity.goat.screaming.horn_break
[20:03:01] [Render thread/INFO]: OpenAL initialized on device OpenAL Soft on Speakers (Realtek(R) Audio)
[20:03:01] [Render thread/INFO]: Sound engine started
[20:03:01] [Render thread/INFO]: Created: 2048x2048x2 minecraft:textures/atlas/blocks.png-atlas
[20:03:01] [Render thread/INFO]: Radar icon manager reset!
[20:03:01] [Render thread/INFO]: Reloading radar icon resources...
[20:03:01] [Render thread/INFO]: Reloaded radar icon resources!
[20:03:01] [Render thread/INFO]: New world map region cache hash code: 313692338
[20:03:01] [Render thread/INFO]: Created: 512x512x4 minecraft:textures/atlas/signs.png-atlas
[20:03:01] [Render thread/INFO]: Created: 512x512x4 minecraft:textures/atlas/banner_patterns.png-atlas
[20:03:01] [Render thread/INFO]: Created: 512x512x4 minecraft:textures/atlas/shield_patterns.png-atlas
[20:03:01] [Render thread/INFO]: Created: 2048x1024x4 minecraft:textures/atlas/armor_trims.png-atlas
[20:03:01] [Render thread/INFO]: Created: 1024x512x4 minecraft:textures/atlas/chest.png-atlas
[20:03:01] [Render thread/INFO]: Created: 128x64x4 minecraft:textures/atlas/decorated_pot.png-atlas
[20:03:01] [Render thread/INFO]: Created: 256x128x4 minecraft:textures/atlas/shulker_boxes.png-atlas
[20:03:01] [Render thread/INFO]: Created: 512x256x4 minecraft:textures/atlas/beds.png-atlas
[20:03:02] [Render thread/WARN]: Shader rendertype_entity_translucent_emissive could not find sampler named Sampler2 in the specified shader program.
[20:03:02] [Render thread/INFO]: Created: 2048x1024x0 minecraft:textures/atlas/particles.png-atlas
[20:03:02] [Render thread/INFO]: Created: 128x128x0 minecraft:textures/atlas/paintings.png-atlas
[20:03:02] [Render thread/INFO]: Created: 256x256x0 minecraft:textures/atlas/mob_effects.png-atlas
[20:03:02] [Render thread/INFO]: Created: 256x256x0 jei:textures/atlas/gui.png-atlas
[20:03:02] [Render thread/INFO]: Loaded 56 train hat configurations.
[20:03:02] [Render thread/INFO]: Loaded 77 shader sources in 14.582 ms
[20:03:04] [Render thread/WARN]: Invalid path in datapack: minecraft:models/item/bucket_lava - Copia.json, ignoring
[20:03:05] [Render thread/INFO]: Successfully reloaded the XaeroLib shaders!
[20:03:05] [Render thread/INFO]: Successfully loaded image 'zoomify:textures/demo/third-person-hud.webp'
[20:03:05] [Render thread/INFO]: Successfully loaded image 'zoomify:textures/demo/third-person-view.webp'
[20:03:05] [Render thread/INFO]: Successfully loaded image 'zoomify:textures/demo/zoom-hand.webp'
[20:03:05] [Render thread/INFO]: Successfully loaded image 'zoomify:textures/demo/zoom-world.webp'
[20:03:05] [Render thread/INFO]: Rebuilding ingredient filter...
[20:03:05] [Render thread/INFO]: Rebuilding ingredient filter took 91.00 milliseconds
[20:03:05] [Render thread/WARN]: Flywheel backend fell back from 'flywheel:indirect' to 'flywheel:off'
[20:03:05] [Render thread/INFO]: Stopping worker threads
[20:03:05] [Render thread/INFO]: Started 10 worker threads
[20:03:05] [Render thread/WARN]: Flywheel backend fell back from 'flywheel:indirect' to 'flywheel:off'
[20:03:05] [Render thread/INFO]: [ETF]: reloading ETF data.
[20:03:05] [Render thread/INFO]: [ETF]: emissive suffixes loaded: [_e]
[20:03:07] [Render thread/WARN]: Invalid path in datapack: minecraft:models/item/bucket_lava - Copia.json, ignoring
[20:03:19] [Server thread/WARN]: Can't keep up! Is the server overloaded? Running 5381ms or 107 ticks behind
[20:03:22] [Render thread/ERROR]: Signature is missing from Property textures
[20:03:22] [Server thread/INFO]: Saving and pausing game...
[20:03:22] [Server thread/INFO]: Saving chunks for level 'ServerLevel[新的世界]'/minecraft:overworld
[20:03:22] [Server thread/INFO]: Saving chunks for level 'ServerLevel[新的世界]'/minecraft:the_nether
[20:03:22] [Server thread/INFO]: Saving chunks for level 'ServerLevel[新的世界]'/minecraft:the_end
[20:03:22] [Render thread/ERROR]: Signature is missing from Property textures
[20:03:22] [Render thread/ERROR]: Signature is missing from Property textures
[20:03:22] [Server thread/INFO]: Saving and pausing game...
[20:03:22] [Server thread/INFO]: Saving chunks for level 'ServerLevel[新的世界]'/minecraft:overworld
[20:03:22] [Server thread/INFO]: Saving chunks for level 'ServerLevel[新的世界]'/minecraft:the_nether
[20:03:22] [Server thread/INFO]: Saving chunks for level 'ServerLevel[新的世界]'/minecraft:the_end
[20:03:43] [Server thread/WARN]: Can't keep up! Is the server overloaded? Running 2700ms or 54 ticks behind
[20:05:04] [Server thread/WARN]: Can't keep up! Is the server overloaded? Running 4861ms or 97 ticks behind
[20:05:31] [Server thread/WARN]: Can't keep up! Is the server overloaded? Running 5035ms or 100 ticks behind
[20:08:04] [Server thread/WARN]: Can't keep up! Is the server overloaded? Running 3822ms or 76 ticks behind
